station,date,n_samples,orig_std,orig_max,orig_p95,orig_p99,orig_pct_within_01,den_std,den_max,den_p95,den_p99,den_pct_within_01,sif
BMT,2024-02-01,86400,1.2331806736822473,7.650000000001455,2.610000000000582,3.8000000000029104,21.965532008472323,0.0192028697988204,0.1418471436118125,0.0412242729849822,0.0624378343489661,99.93402701420156,64.21856142011525
BMT,2024-02-02,86400,1.261811550352333,9.0,2.6699999999982538,3.830000000001746,21.615990925820903,0.020221008530163,0.2257025494254776,0.0429806170330266,0.0665038470870059,99.88541534045532,62.4010196330082
BMT,2024-02-03,86400,1.2195108494639075,9.37999999999738,2.5899999999965075,3.839999999996508,22.32896214076552,0.0201620218737645,0.1793062701253802,0.0430908309237565,0.0698109177411244,99.86573918679616,60.48554341617332
BMT,2024-02-04,86400,0.9700338377778164,10.900000000001455,2.0099999999947613,3.0799999999944703,23.332445977384,0.0155941743285581,0.1947695174021646,0.0326101129823655,0.0546728612660081,99.91087859813192,62.20488608615543
BMT,2024-02-05,86400,1.3100464830967515,11.360000000000582,2.709999999999127,4.4799999999959255,20.04884315790692,0.0216334063647816,0.2200629634971846,0.0468685906023893,0.0742408843504381,99.7245338487714,60.55664378259456
BMT,2024-02-06,86400,1.2468896288879834,11.610000000000582,2.6000000000058208,4.239999999997963,18.73864280836584,0.020349823257395,0.2361456276412354,0.0431952562685182,0.06990166809308,99.8368036667091,61.2727497951903
BMT,2024-02-07,86400,1.19316691861069,8.589999999996508,2.4899999999979627,4.009999999994907,22.85558860634961,0.0192399746438621,0.2067265300211147,0.0414183869812403,0.0664292179110635,99.8553223995648,62.01499433520891
BMT,2024-02-08,86400,0.9443629279717308,5.779999999998836,1.9799999999959252,2.779999999998836,21.35557124503756,0.0144393664309383,0.1705191217406536,0.0310423225586418,0.046784133768524,99.99305547517912,65.40196430522718
BMT,2024-02-09,86400,0.9281580939052412,8.990000000005239,1.9499999999970896,2.729999999995925,24.10213081169921,0.0142186437348958,0.1210592750430805,0.0309071176219731,0.0467307213094318,99.99537031678608,65.27754061113795
BMT,2024-02-10,86400,0.7605073173534286,8.419999999998254,1.610000000000582,2.279999999998836,25.819743284065787,0.0114413929799086,0.1720057329002884,0.0239231579442275,0.0375467066455166,99.99305547517912,66.46981872071248
BMT,2024-02-11,86400,0.8405323674875355,5.389999999999418,1.7699999999967986,2.4900000000052387,24.75607356566627,0.0129413854364151,0.0974595096413395,0.0274448317402857,0.0425728108185286,100.0,64.94917963400232
BMT,2024-02-12,86400,0.8645972684797654,4.989999999997963,1.809999999997672,2.5200000000040745,22.903042859292352,0.0133377478077056,0.1020243315870175,0.0281916538522636,0.0429218159218726,99.99768515839304,64.82333306043125
BMT,2024-02-13,86400,0.8414243503281565,6.669999999998254,1.7600000000020373,2.459999999999127,24.7919536105742,0.0125789497323284,0.1133741183512029,0.0271674814241123,0.0411947227324709,99.99884257919652,66.89146297315787
BMT,2024-02-14,86400,0.8862404979175327,5.989999999997963,1.860000000000582,2.610000000000582,23.986388731351056,0.0133824525551283,0.1066174187799333,0.028588227470027,0.0429486314354289,99.99768515839304,66.2240717238103
BMT,2024-02-15,86400,0.8810254321058749,5.900000000001455,1.8400000000037835,2.569999999999709,23.047720459727543,0.013349573196487,0.1094120256020687,0.0285137062208377,0.0429480243686703,99.9942128959826,65.9965243137301
BMT,2024-02-16,86400,0.8760839028819108,5.799999999995634,1.8300000000017465,2.569999999999709,22.59864118797671,0.0133062807246106,0.1211213568822131,0.0281040064939588,0.0429991172484006,99.99537031678608,65.83987824604574
BMT,2024-02-17,86400,0.8739448384959121,5.680000000000291,1.819999999999709,2.5500000000029104,15.063831757312007,0.0130888014510607,0.0959029404548346,0.027551597017009,0.042921265498735,100.0,66.77042521401486
BMT,2024-02-18,86400,0.9016357044374677,8.410000000003492,1.889999999999418,2.6699999999982538,22.713225847521382,0.0135018369849307,0.1693519794134772,0.0290218320464191,0.0440536786724988,99.99652773758956,66.77874317228051
BMT,2024-02-19,86400,0.8894778993622177,8.819999999999709,1.860000000000582,2.6699999999982538,23.986388731351056,0.0134178745032325,0.1723902203520992,0.0282853273834916,0.0447913223951763,99.97916642553731,66.29052157863305
BMT,2024-02-20,86400,1.199812760412949,9.85000000000582,2.529999999998836,3.75,17.306913274459195,0.0187435294309394,0.1663816799773485,0.039718817047833,0.0621552250022069,99.9259250685772,64.0121042714847
BMT,2024-02-21,86400,1.2536972544764151,8.459999999999127,2.639999999999418,3.849999999998545,20.72593432794361,0.0196290932384581,0.1705913186306134,0.0426069149594695,0.0653024023766921,99.92013796455976,63.86934124681056
BMT,2024-02-22,86400,1.0061196555094891,10.950000000004366,2.1000000000058208,3.1300000000046566,23.845183393326312,0.0153515791102443,0.1484226270986255,0.0328645450463227,0.052264788182365,99.9629625342886,65.5385122415551
BMT,2024-02-23,86400,0.8626367124478556,7.830000000001746,1.810000000004948,2.5899999999965075,24.492181622472483,0.0126177827566548,0.0977048215718241,0.0272027502651326,0.0419437384976482,100.0,68.36674311297018
BMT,2024-02-24,86400,1.0922211557618116,8.040000000000873,2.309999999997672,3.4199999999982538,21.66113033715668,0.0172222611269672,0.1484268857748247,0.0369543979766603,0.0583096552907954,99.96411995509207,63.41914964859934
BMT,2024-02-25,86400,0.8589342379306132,10.159999999996217,1.7900000000008731,2.6199999999953434,24.74912904084538,0.0130154356705439,0.1289066786121111,0.02736380011047,0.0430366112735646,99.99074063357214,65.99350644931
BMT,2024-02-26,86400,1.0280217144807693,8.639999999999418,2.1700000000055297,3.1999999999970896,23.825507239667125,0.0157122956041856,0.1622867486294126,0.0338365594165224,0.0531920472459752,99.968749638306,65.42784964798413
BMT,2024-02-27,86400,1.1969944612117462,9.580000000001746,2.470000000001164,4.029999999998836,22.670401277792568,0.0191930187292397,0.2018241072510136,0.0413972964444835,0.066447583707486,99.87847081563444,62.36613833580064
BMT,2024-02-28,86400,1.2577073627889577,12.87999999999738,2.5900000000037835,4.3201999999996445,22.26877625898448,0.0199612422836469,0.2005580084951361,0.042969705411815,0.0697479996102629,99.82291461706733,63.00746941768824
BMT,2024-02-29,86400,1.2215524109161024,16.010000000002037,2.5199999999967986,4.309999999997817,20.34977256681212,0.0199788897709991,0.2909418030540109,0.0428067788649059,0.0700202291701862,99.78819199296288,61.14215678931945
BMT,2024-03-01,86400,1.1972704210155491,10.180000000000293,2.470000000001164,4.169999999998254,23.0002662067848,0.0192018737198299,0.2030898937882739,0.0408888443293107,0.0675049528981618,99.82638687947777,62.35174954393978
BMT,2024-03-02,86400,1.489419382156474,13.709999999999129,3.139999999999418,5.450000000004366,22.69586453546916,0.0258683502117419,0.30992354900809,0.0546606451687694,0.094286084094638,99.18749059595598,57.576898793601096
BMT,2024-03-03,86400,0.9653953491504312,7.819999999999709,2.0199999999967986,2.969999999993888,23.506059097906228,0.0148548151222184,0.1914229672765941,0.0313697103891172,0.0494777179401717,99.98495352955474,64.98871518377172
BMT,2024-03-04,86400,1.1284703746465774,7.729999999995925,2.3800000000046566,3.360000000000582,21.947013275616616,0.0170964345347315,0.1441251357537112,0.0363548173081653,0.0550314582817373,99.96643479669903,66.00618230006222
BMT,2024-03-05,86400,1.1166837976771846,7.019999999996799,2.37000000000262,3.3400000000037835,22.737531684394497,0.017076421418679,0.1702305514554609,0.0366034294282143,0.055163110569265,99.9745367423234,65.39331457294112
BMT,2024-03-06,86400,1.1191579418960274,6.389999999999418,2.360000000000582,3.319999999999854,22.522251414946933,0.0172030656021311,0.1521981136247632,0.0368362009045084,0.0563386266471934,99.9745367423234,65.05572714274422
BMT,2024-03-07,86400,1.1058730824924456,6.4100000000034925,2.3300000000017462,3.3000000000029104,23.322029190152666,0.016904088658726,0.1425149162460002,0.0358109798966324,0.0551930941107277,99.9745367423234,65.42044973576043
BMT,2024-03-08,86400,0.974244538600056,6.260000000002037,2.0500000000029104,2.860000000000582,22.094005717658767,0.0146266061833336,0.1132854330426198,0.0312127252276695,0.0469954578360194,99.99305547517912,66.60769602476603
BMT,2024-03-09,86400,0.9432773367465346,7.5,1.970000000001164,2.960199999999063,22.85558860634961,0.0152278377387642,0.1430287876573857,0.031999709898082,0.0508208477536391,99.95370316786074,61.94427290772635
BMT,2024-03-10,86400,0.8288092609830495,6.759999999994761,1.7299999999959257,2.540000000000873,24.81162976423338,0.0123406294451124,0.1913946776767261,0.0267193749605212,0.0410243122723477,99.99537031678608,67.16101999514616
BMT,2024-03-11,86400,1.102470118777896,6.94999999999709,2.3300000000017462,3.4800000000032014,23.173879327307027,0.0174551109250563,0.1580857247536187,0.0375733799090084,0.0587710316821177,99.93634185580852,63.16030436289967
BMT,2024-03-12,86400,1.185423104400234,7.510000000002037,2.5200000000040745,3.6999999999970896,22.22132200604173,0.0191174125651704,0.1861093550905934,0.0409561074302473,0.0629744726592617,99.90161923170407,62.007507569194814
BMT,2024-03-13,86400,1.2057455520272586,8.62999999999738,2.569999999999709,3.75,22.21669232282781,0.0186898697450399,0.1883959388796938,0.0397622031865466,0.0619080941610446,99.9502309054503,64.51332023235392
BMT,2024-03-14,86400,1.2319836716351231,8.680000000000291,2.599999999998545,3.790000000000873,21.352098982627112,0.0195572874135065,0.179818624863401,0.0423381045868154,0.0652489805447114,99.90740633572148,62.99358625375119
BMT,2024-03-15,86400,1.1835318119807554,7.830000000001746,2.5100000000020373,3.709999999999127,21.969004270882763,0.0185165805555761,0.1287618229907821,0.0393574002475361,0.0612914398743306,99.94907348464682,63.91740680005996
BMT,2024-03-16,86400,1.1522778017915265,12.260000000002035,2.430000000000291,3.589999999996653,20.09051030683225,0.0181621703216007,0.1805757474940037,0.0389998574610217,0.0594041114329595,99.937499276612,63.44383855698384
BMT,2024-03-17,86400,0.9338083732956564,6.69999999999709,1.970000000001164,2.9599999999992725,23.76763619949305,0.0141076939712054,0.1425298988615395,0.0306866981445637,0.0470883460198821,99.98379610875124,66.19142541193622
BMT,2024-03-18,86400,1.1336715281913856,10.339999999996508,2.400000000001455,3.560000000004948,17.22589381821549,0.01788895989782,0.1723895356990397,0.0385948524890408,0.0589437542382802,99.937499276612,63.372691011855
BMT,2024-03-19,86400,1.147320344065241,9.12000000000262,2.430000000000291,3.6999999999970896,22.06507019757173,0.0177786130185121,0.1963191469112644,0.038204398752714,0.0606730401581444,99.937499276612,64.53373740718975
BMT,2024-03-20,86400,1.2688941620538812,8.389999999999418,2.6900000000023283,3.930000000000291,18.16108982742856,0.0201441509923153,0.1948076025655609,0.0429150377858604,0.0659889097958513,99.89814696929362,62.99069950751218
BMT,2024-03-21,86400,1.2461364585977,9.520000000004076,2.639999999999418,3.8800000000046566,21.31274667530874,0.0190507819712697,0.1596009617205709,0.0407077074269181,0.0633015519053151,99.9317121725946,65.4113022978043
BMT,2024-03-22,86400,1.2736000004903305,8.44999999999709,2.680000000000291,3.900000000001455,21.45510943413697,0.0198598024150655,0.2070703228819184,0.0428363894679932,0.0657252259750384,99.90393407331104,64.12954035534892
BMT,2024-03-23,86400,1.2122667901901232,8.669999999998254,2.5500000000029104,3.7399999999979623,18.334702947950788,0.0188891452233559,0.1457377585538779,0.0402440255180408,0.0619683236128185,99.93865669741548,64.17795912898197
BMT,2024-03-24,86400,1.133519893005667,9.010000000002035,2.4199999999982538,3.6200000000026193,22.36715702728041,0.0175854720973405,0.1581437756030936,0.038061525078956,0.0586536530463491,99.94560122223636,64.45774595455039
BMT,2024-03-25,86400,1.274911443477427,9.709999999999129,2.6999999999970896,4.059999999997672,21.92039259713654,0.0198584813016717,0.197243556191097,0.0427917667009751,0.0664030054252362,99.88888760286578,64.19984610333222
BMT,2024-03-26,86400,1.2549150917713354,12.040000000000871,2.6600000000034925,3.939999999995052,21.984050741328023,0.0199192357215227,0.1728028415673179,0.0428502282557019,0.0670639270813265,99.874998553224,63.00016271971722
BMT,2024-03-27,86400,1.3041139395540409,10.909999999996217,2.7600000000020373,4.090000000003784,19.848609358904618,0.0207599575044399,0.363763331391965,0.0437279411795316,0.0684452402890023,99.84259077072652,62.81871912369321
BMT,2024-03-28,86400,1.3053118584686874,11.180000000000293,2.779999999998836,4.100200000005756,21.79076146714661,0.0204352530233651,0.1657898905614274,0.0434462013639858,0.0676760095728969,99.87615597402748,63.87549285112127
BMT,2024-03-29,86400,1.2949193376853911,8.819999999999709,2.7310000000025902,4.080000000001746,16.555747172999688,0.0203623259406578,0.1955027085132314,0.0433923701712046,0.0670455924792623,99.89004502366926,63.59388123908816
BMT,2024-03-30,86400,1.193266293866021,19.860000000000586,2.5,3.7300000000032014,22.453963587541523,0.0185621029517797,0.1947187047626357,0.0394177424168446,0.061264661295718,99.9305547517911,64.28508110862091
BMT,2024-03-31,86400,1.5960974499441885,15.680000000000293,3.3699999999953434,5.769999999996799,21.49330432065186,0.0275092751966999,0.4058166701361188,0.0585890409078274,0.1016705462703249,98.92475607356566,58.020338175890565
BMT,2024-04-01,86400,2.0194066083053146,15.360000000000582,4.349999999998545,6.939999999995198,19.87407261658121,0.0337234538909125,0.3663817077467683,0.0729425038582121,0.1171742472347978,98.20136807138972,59.881369647893656
BMT,2024-04-02,86400,1.5300056295745648,16.910000000003492,3.1999999999970896,5.259999999994761,21.481730112617043,0.024766693064136,0.3173845322162378,0.0517067297892935,0.0872949999233242,99.3865669741548,61.77674288410946
BMT,2024-04-03,86400,1.4043296098440892,10.630000000004657,2.9500000000043656,4.529999999998836,21.300015046470445,0.0227039923205101,0.2652687649315339,0.0488338564100558,0.0774329704204867,99.69791317029132,61.85386208546255
BMT,2024-04-04,86400,1.5218359212499872,10.62000000000262,3.2700000000040745,4.889999999999418,21.923864859546985,0.0240401252985701,0.2187758371801464,0.0513432279141852,0.0799900132973562,99.67939443743562,63.30399289878901
BMT,2024-04-05,86400,1.545034129680729,12.799999999995634,3.2999999999956344,5.029999999998836,21.08473477702288,0.0251785544464872,0.2301256860082503,0.0543318153198924,0.0844702954030073,99.53471683700045,61.36309901758151
BMT,2024-04-06,86400,1.5506507621094514,10.950000000004366,3.319999999999709,5.019999999996799,20.764129214458503,0.025176438167124,0.2120113092605606,0.0540036894009971,0.0844966442562872,99.5486058866422,61.59134790054362
BMT,2024-04-07,86400,1.540400920034526,10.970000000001164,3.319999999999709,5.080000000001746,22.59632634636975,0.0254095811766086,0.2254736575487186,0.0546651030861539,0.086650790210115,99.4918922672716,60.62283786841608
BMT,2024-04-08,86400,1.6169048572175788,11.419999999998254,3.459999999999127,5.209999999999127,20.753712427227168,0.0263493566406236,0.2860927910223836,0.0566848883114289,0.0882312813660246,99.44675285593584,61.36411143577518
BMT,2024-04-09,86400,1.661559777934528,12.080000000001746,3.559999999997672,5.4099999999962165,17.76756675424484,0.0268594023394888,0.2891404847759986,0.0576273319638857,0.0895281290069397,99.37846502853044,61.86138309674273
BMT,2024-04-11,86400,1.6945492740504962,11.459999999999129,3.6299999999973807,5.509999999994907,18.97822891468651,0.0275830355129566,0.2065412860465585,0.0590846801271254,0.0926612507565005,99.30323267630412,61.43447385234583
BMT,2024-04-12,86400,1.645382535543643,11.729999999995924,3.529999999998836,5.409999999996362,18.82776421023392,0.0272244600754754,0.2891040843096562,0.0584909369987144,0.0930951345484938,99.30207525550064,60.43765536292165
BMT,2024-04-13,86400,1.5046826500259325,9.909999999996217,3.209999999999127,4.849999999998545,20.16805750066552,0.0241049719139881,0.2109112689795438,0.0515479898022021,0.0796107379012392,99.68286669984606,62.4220868347223
BMT,2024-04-14,86400,1.639090539745286,17.30999999999767,3.529999999998836,5.459999999999127,21.534971469577197,0.0268244526768062,0.2448681559544638,0.05785358040157,0.0911530615731318,99.33332561719465,61.10434234885332
BMT,2024-04-15,86400,1.56233162293255,13.900000000001455,3.319999999999709,5.090000000003784,21.265292422366,0.0253095290231378,0.257876318959461,0.0543546602755668,0.0858294703197317,99.4918922672716,61.728988375980734
BMT,2024-04-16,86400,1.349230765038442,9.669999999998254,2.8400000000037835,4.190000000002328,21.15186518362481,0.0204750783710412,0.2030124143202556,0.0438335912978799,0.0665137208456872,99.90509149411452,65.89624423029406
BMT,2024-04-17,86400,1.347891062383746,9.110000000000582,2.8400000000037835,4.269999999996944,21.7849743631292,0.0210039401379017,0.2470556707557989,0.0454806692716374,0.0701161677896743,99.8495352955474,64.1732481367767
BMT,2024-04-18,86400,1.2845486334670115,9.599999999998545,2.709999999999127,4.050200000002846,19.88564682461603,0.0201833679450106,0.1825339797214837,0.043027161854843,0.0676751554841757,99.88194307804488,63.64391893875726
BMT,2024-04-19,86400,1.2734634553457511,10.87000000000262,2.6600000000034925,4.059999999997672,18.06386647993611,0.0202404511384576,0.2622282495794934,0.0429599175760813,0.0684205760373151,99.84837787474392,62.9167525255009
BMT,2024-04-20,86400,1.306194557250211,11.650000000001455,2.6699999999982538,4.690000000002328,22.440074537899743,0.0217758174938969,0.2442469684683601,0.0456328191969077,0.0785423904084019,99.55323556985614,59.98372082041529
BMT,2024-04-21,86400,1.9070336946608533,21.75,3.970000000001164,7.279999999998981,19.38216877510156,0.0339712202304652,0.4405956481423345,0.0708417172165354,0.128562956857495,97.89812382087756,56.13674403413086
BMT,2024-04-22,86400,2.238449820051972,24.739999999997963,4.82999999999447,8.319999999999855,20.66690586696605,0.0402548937225952,0.4777855777938384,0.0854899001446027,0.1484793445083779,96.64695193231402,55.60689926104341
BMT,2024-04-23,86400,2.288392994313876,23.389999999999414,4.921000000004191,8.52020000000401,20.77223116008287,0.0405470096610316,0.5190161612918018,0.0868225342645018,0.1485189354135947,96.48838528223706,56.438021284137605
BMT,2024-04-24,86400,2.273217863543948,22.18000000000029,4.919999999998254,8.400000000001455,20.632183242861608,0.0404584875484641,0.4759098500726395,0.0864676030549161,0.1499274886344213,96.56477505526684,56.18642715610009
BMT,2024-04-25,86400,1.7466478593325152,22.01000000000204,3.6300000000046566,6.689999999995198,22.09632055926573,0.0298080556877397,0.3781641930836485,0.0630487215697939,0.110686365786969,98.56016852046898,58.59650416556102
BMT,2024-04-26,86400,1.3609350271658682,15.919999999998254,2.819999999999709,4.459999999999127,20.069676732369587,0.0215872358043938,0.2250876589387189,0.0457878981716929,0.0742711217116448,99.74189516082362,63.04350586775072
BMT,2024-04-27,86400,1.1986646829177372,13.80000000000291,2.529999999998836,3.75,22.65651222815079,0.0191978106091437,0.2395133142563281,0.0409731226391158,0.0639263985467552,99.90046181090058,62.43757203669797
BMT,2024-04-28,86400,1.2654970376801185,8.590000000003783,2.6699999999982538,3.959999999999127,21.48751721663445,0.0199324309707491,0.1562703358504222,0.042910519929137,0.066171921211644,99.89235986527622,63.48934755995133
BMT,2024-04-29,86400,1.3051868575119427,14.12000000000262,2.711000000005064,4.209999999999127,22.45049132513108,0.0206104926282716,0.2615789580668206,0.0431211928196716,0.0701966103761515,99.76041389367931,63.32632999069016
BMT,2024-04-30,86400,1.3009547850498715,21.470000000001164,2.5800000000017462,4.430000000000291,14.52794592530006,0.0205355287131839,0.2934889356256462,0.0416011323613929,0.0739381809740735,99.61457887244065,63.351414183521854
BMT,2024-05-01,86400,1.239413814713571,8.389999999999418,2.62000000000262,3.8800000000046566,12.748990150348964,0.0194557623186945,0.1544557191737112,0.0420644572419405,0.0643686492078997,99.9259250685772,63.70420209435568
BMT,2024-05-02,86400,1.2241025020113083,12.340000000003783,2.5899999999965075,3.849999999998545,20.83241704186391,0.0193973445286883,0.2115396595254424,0.0412907768179138,0.065584460607497,99.85300755795784,63.10670515429431
BMT,2024-05-03,86400,1.2252811005283897,7.669999999998254,2.599999999998545,3.79999999999578,21.945855854813136,0.0191072091325563,0.1394221732989535,0.0411025708235683,0.0629392447907594,99.93634185580852,64.12663890178145
BMT,2024-05-04,86400,1.269312025513933,10.950000000004366,2.6600000000034925,3.9800000000032014,16.902973414044144,0.0196607816489967,0.1867444879462709,0.0424228343719732,0.0652740379744501,99.91435086054236,64.56060842902143
BMT,2024-05-05,86400,1.1330323691398785,9.639999999999418,2.37000000000262,3.610200000000518,11.555689301959514,0.0167992295548921,0.1768501575788832,0.0353734825424907,0.0567443212967192,99.9502309054503,67.44549595981191
BMT,2024-05-06,86400,0.9511651875999558,17.639999999999418,1.9799999999959252,2.769999999996944,22.002569474183726,0.0143274055175322,0.522759674488043,0.0309158410069358,0.0462192348646932,99.9814812671443,66.38781783412513
BMT,2024-05-07,86400,0.9952606519264278,13.380000000004657,2.0800000000017462,2.9199999999982538,14.714290674660583,0.0152039070460847,0.3287411985365907,0.0317538026305554,0.0488264445576351,99.98263868794778,65.46084824408752
BMT,2024-05-08,86400,0.9877713560605612,6.340000000003784,2.069999999999709,2.9399999999950523,21.7537240014352,0.0145666973601286,0.1257888104009907,0.0312397979927482,0.0470120203720581,99.9872683711617,67.81024768843199
BMT,2024-05-09,86400,0.9913827259478784,8.270000000004075,2.0899999999965075,2.9199999999982538,23.64610701512749,0.014614582364078,0.1244543762950343,0.0313205762220604,0.0477352442446864,99.99305547517912,67.83517319775191
BMT,2024-05-10,86400,0.9293798200855832,9.680000000000293,1.9499999999970896,2.7600000000020373,20.365976458060857,0.0136851246063043,0.269577796680096,0.0289629965933272,0.0444534730263695,99.9872683711617,67.91168124180122
BMT,2024-05-11,86400,0.9067586719800108,6.280000000006112,1.8999999999941792,2.6900000000023283,22.48289910762856,0.0144954482798596,0.1313080481049837,0.0311041827691951,0.0475073054275708,99.99305547517912,62.55471748171657
BMT,2024-05-12,86400,0.879135056958701,10.830000000001746,1.8499999999985448,2.5900000000037835,24.55121008345004,0.0129149268182658,0.1679603058801149,0.0273620179119461,0.0426795156720618,99.99189805437562,68.07123797614173
BMT,2024-05-13,86400,1.7762919734197815,16.220000000001164,3.830000000001746,6.209999999999127,21.62987997546268,0.0302179909759635,0.3398119525736547,0.0650411574380995,0.1083358626777772,98.6654938135858,58.78259659200795
BMT,2024-05-14,86400,1.3684501056576677,16.159999999996217,2.810000000004948,4.669999999998254,22.36021250245952,0.0222311367880942,0.3241841934723197,0.0465268465304688,0.0791617829457391,99.58101366913968,61.55556140201413
BMT,2024-05-15,86400,1.1943052063836628,15.660000000003492,2.5199999999967986,3.680000000000291,22.70280906029005,0.0185548832341788,0.1716297060847864,0.0392562860164616,0.0625300911764498,99.91550828134584,64.36608580318851
BMT,2024-05-16,86400,1.208475709935389,10.05000000000291,2.560000000004948,3.709999999999127,20.463199805553305,0.0183580238980121,0.1364955085591646,0.0392508333294244,0.0596721462903952,99.95254574705726,65.8282022391539
BMT,2024-05-17,86400,1.1833447261423675,11.549999999995634,2.5099999999947613,3.709999999999127,20.91112165650065,0.0180275302012716,0.1676905580825405,0.0387918112726765,0.0608046052379359,99.91898054375628,65.64097870673665
BMT,2024-05-18,86400,1.0934637386282766,9.790000000000871,2.310000000004948,3.4499999999972357,22.60095602958368,0.0167854515078129,0.1283280755524174,0.0358588366027106,0.0559903534155456,99.9629625342886,65.143540407845
BMT,2024-05-19,86400,1.0899298254634806,9.309999999997672,2.2799999999995637,3.4800000000032014,22.251414946932258,0.0170177015738397,0.1985546819341834,0.0357599413284333,0.0577582899232221,99.91087859813192,64.04682916022671
BMT,2024-05-20,86400,1.3694989485820308,12.770000000004076,2.889999999999418,4.440000000002328,21.62756513385572,0.0216423588828425,0.2117199809508747,0.0467068104437203,0.0739857059370844,99.7442100024306,63.27863593484964
BMT,2024-05-21,86400,1.61123434520209,11.55000000000291,3.4400000000023283,5.309999999997672,21.23519948147548,0.0257678628539026,0.2376282879995415,0.0548404040215245,0.0867705669239515,99.4293915438836,62.528831136476455
BMT,2024-05-22,86400,1.6627701906145422,12.05000000000291,3.559999999997672,5.430000000000291,21.793076308753573,0.0268740863557683,0.2654647776798811,0.0579874542287143,0.089847864768235,99.36573339969212,61.872622143888
BMT,2024-05-23,86400,1.5885661951441732,13.069999999999707,3.4099999999962165,5.290000000000873,21.99446752855936,0.0255951564554299,0.226390504023584,0.0547553776596032,0.0880457442163607,99.41318765263487,62.06510977373219
BMT,2024-05-24,86400,1.5268471759365971,11.139999999999418,3.309999999997672,5.19999999999709,20.920381022928503,0.0245924379552404,0.2809560657697147,0.0536855653728707,0.0857772562514583,99.49073484646811,62.08604363070687
BMT,2024-05-25,86400,1.4657063104488404,12.720000000001164,3.1700000000055297,5.02020000000401,22.210905218810403,0.0238520984545488,0.2406564226330374,0.0521509888691069,0.0831693386171537,99.5740691443188,61.44978452023209
BMT,2024-05-26,86400,1.3826392373977967,13.209999999999129,2.959999999999127,4.57999999999447,22.20743295639996,0.0220530558549043,0.3178107200801605,0.0470491665684675,0.0761395272669324,99.70138543270176,62.6960384280537
BMT,2024-05-27,86400,1.0859574609316378,10.910000000003492,2.2700000000040745,3.430000000000291,23.449345478535637,0.0164137856826205,0.1735690774585236,0.0349941265973029,0.055520828327426,99.9444438014329,66.16130378839543
BMT,2024-05-28,86400,1.0819744635378992,12.2300000000032,2.279999999998836,3.349999999998545,21.574323776895564,0.0162942620194576,0.1712035757009289,0.035071842061734,0.0540680152732238,99.95949027187817,66.40217655635274
BMT,2024-05-29,86400,1.0849811657449695,8.680000000000291,2.3000000000029104,3.37000000000262,23.31161240292133,0.0164654191208682,0.1368821247669984,0.0351754953619092,0.0549871442267613,99.96759221750251,65.89453676912318
BMT,2024-05-30,86400,1.235749052162106,14.0,2.610000000000582,3.819999999999709,20.57199736108057,0.0196603777851172,0.2773303463327465,0.0422182383845211,0.066192545901722,99.87962823643792,62.8547968714367
BMT,2024-05-31,86400,1.206860185683418,11.5,2.559999999997672,3.8299999999944703,23.034988830889247,0.0186826615261828,0.1549097129172878,0.0398276385967619,0.0624669303702831,99.9305547517911,64.59787241381345
BMT,2024-06-01,86400,1.160873779115479,15.19999999999709,2.4499999999970896,3.6699999999982538,23.245639417122884,0.0186364196659363,0.242028665728867,0.0391276152120553,0.0622775875340449,99.90393407331104,62.290600869813645
BMT,2024-06-02,86400,0.9893118587318832,17.10000000000582,2.089999999997235,3.1499999999941792,22.17502517390248,0.015209324219841,0.2004320956184528,0.0318631693728093,0.0507996482124145,99.96180511348513,65.04640471640737
BMT,2024-06-03,86400,1.01804162475185,7.979999999995925,2.139999999999418,3.2202000000011,23.741015521012976,0.0157899942976427,0.1779638777807122,0.0338834717025747,0.0532078077828919,99.95601800946773,64.4738437200927
BMT,2024-06-04,86400,1.0340416604068945,8.330000000001746,2.1600000000034925,3.2402000000051747,23.5141610435306,0.0156648268148567,0.1734376798995072,0.0334672922072058,0.0526152491856192,99.96527737589555,66.01041125843689
BMT,2024-06-05,86400,1.0577683671725246,9.220000000001164,2.219999999993888,3.3499999999986905,22.83012534867302,0.0163501460488012,0.1945880859857425,0.0347559368034126,0.0546600821481843,99.91898054375628,64.69473507763473
BMT,2024-06-06,86400,1.06922473246611,9.4800000000032,2.229999999995925,3.400000000001455,21.868308660979874,0.0161424399409054,0.1718980465593631,0.0346578552962455,0.0546557970321737,99.95486058866422,66.23687226429922
BMT,2024-06-07,86400,1.0379521200662285,8.650000000001455,2.180000000000291,3.2699999999967986,22.12872834176321,0.015663757160583,0.1381654111828538,0.033740795970516,0.052751920108567,99.98263868794778,66.26456918088019
BMT,2024-06-08,86400,1.009621842265936,10.669999999998254,2.1299999999973807,3.099999999998545,22.899570596881908,0.0151520486943697,0.1701713836955605,0.0319372296020446,0.0500697370184934,99.96990705910947,66.6326951928595
BMT,2024-06-09,86400,1.0511245135050125,13.150000000001455,2.2000000000043656,3.290200000000809,22.758365258857165,0.0163602285695373,0.2023112457754905,0.0348337160270602,0.0545677336676453,99.9259250685772,64.24876700060011
BMT,2024-06-10,86400,1.1659763828859988,9.099999999998545,2.460000000006403,3.6200000000026193,21.134503871572587,0.0180037994402804,0.1500295250880299,0.0385142541221283,0.0589783492794959,99.94675864303984,64.76279558039083
BMT,2024-06-11,86400,1.2965515653570625,16.839999999996508,2.7300000000032014,4.110000000000582,20.610192247595457,0.0201144718875614,0.3065465291801956,0.0428061928854731,0.0666005176582257,99.87036887001008,64.4586431371523
BMT,2024-06-12,86400,1.308148925035276,13.560000000004948,2.7600000000020373,4.110000000000582,22.158821282653733,0.0207105814036956,0.2074436487382627,0.0440218737086979,0.0695097898485255,99.85879466197524,63.16331248618089
BMT,2024-06-13,86400,1.2868074485456562,8.209999999999127,2.720000000001164,3.9502000000043016,19.77569184828528,0.0200957393517357,0.1895151304415776,0.0428929867055558,0.0659733321717067,99.88310049884836,64.03384448606894
BMT,2024-06-14,86400,1.2554159626086818,8.930000000000291,2.6499999999941792,3.8799999999973807,18.613641361589835,0.0194034263745823,0.2063714912801515,0.0416459957414189,0.0639578738591808,99.90740633572148,64.70073575193497
BMT,2024-06-15,86400,1.1742014100649767,8.87000000000262,2.459999999999127,3.5899999999965075,16.743249343163694,0.0183417434620978,0.1904784344733343,0.0389128253387752,0.0593476742274652,99.9502309054503,64.0179823923161
BMT,2024-06-16,86400,1.1495245635426536,7.930000000000291,2.430000000000291,3.579999999994616,22.84748666072524,0.017979697536468,0.1656847782433033,0.0386927807136089,0.0589947050376213,99.93402701420156,63.93458850723998
BMT,2024-06-17,86400,1.2126327784276396,11.529999999998836,2.559999999997672,3.769999999996799,22.578965034317527,0.0193630578883126,0.1873118881121627,0.0418294680872349,0.0638506906211844,99.91898054375628,62.62609890233018
BMT,2024-06-18,86400,1.219617860147198,9.430000000000293,2.5800000000017462,3.779999999998836,22.42155580504404,0.0193976942563228,0.164682965092652,0.0415404151826804,0.0636182812237531,99.89120244447274,62.874372797518376
BMT,2024-06-19,86400,1.3332005252233985,9.12999999999738,2.819999999999709,4.120000000002619,20.31504994270767,0.0212730413471514,0.1713809095017495,0.0458453947743691,0.0702376153798832,99.83796108751258,62.6708942743276
BMT,2024-06-20,86400,1.3474865391812143,10.30000000000291,2.849999999998545,4.160200000003428,21.981735899721063,0.0214100856072509,0.2015687100356444,0.0461428520124172,0.0709588296589211,99.83333140429866,62.93699912446523
BMT,2024-06-21,86400,1.2661946489749034,8.180000000000291,2.680000000000291,4.059999999997817,19.433095290454748,0.0200560576403559,0.1663758284848882,0.0429327024365193,0.066629895013466,99.89814696929362,63.13277871539356
BMT,2024-06-22,86400,1.195291494644802,17.419999999998254,2.5200000000040745,3.810000000004948,20.161112975844627,0.0187827028302199,0.2396169910716707,0.0397774529614252,0.0623171369360353,99.90972117732844,63.63788563262752
BMT,2024-06-23,86400,1.1700166904315297,7.889999999999418,2.460000000006403,3.7202000000011,22.68776258984479,0.0183705752453342,0.158356584055582,0.0390217038650007,0.0607901049307839,99.91898054375628,63.68971437979349
BMT,2024-06-24,86400,1.1988428394407251,12.62000000000262,2.529999999998836,3.7799999999989815,22.914617067327168,0.0187628030282993,0.1792198000257485,0.0397623081640631,0.0624181940003473,99.91550828134584,63.89465569556181
BMT,2024-06-25,86400,1.2238070653119064,9.400000000001455,2.5800000000017462,3.860000000000582,18.114792995289296,0.0196683200951384,0.2067632560501806,0.0420754497798042,0.0657524900148564,99.91087859813192,62.22224670586799
BMT,2024-06-26,86400,1.2157449104532871,15.209999999999129,2.5500000000029104,3.819999999999709,22.11020960890751,0.0189941970531929,0.1653021664533298,0.0406270729516108,0.0624992979119997,99.9259250685772,64.00612286924297
BMT,2024-06-27,86400,1.4092782349063555,11.69999999999709,2.9500000000043656,4.680000000000291,22.021088207039437,0.0227650443885106,0.2433816926641157,0.0484642896444709,0.0784740651588072,99.64119955092072,61.90535853098118
BMT,2024-06-28,86400,1.6282508334247183,11.709999999999129,3.5,5.370000000002619,15.159897684000972,0.0263767135773553,0.2413448232764494,0.0557107241656921,0.0895998045509624,99.40277086540354,61.73061812980588
BMT,2024-06-29,86400,1.5387640177087,9.799999999995634,3.3300000000017462,5.069999999999709,21.481730112617043,0.0255448511437787,0.2564826030866243,0.0546067834831774,0.0856257925859245,99.52198520816214,60.23773671600421
BMT,2024-06-30,86400,1.3107514250339891,12.729999999995924,2.8000000000029104,4.419999999998254,19.9122675030961,0.020955068248714,0.249691480275942,0.0445116928698552,0.0725806815996475,99.73842289841318,62.55056816872342
BMT,2024-07-01,86400,1.2568587985701225,10.849999999998545,2.6600000000034925,4.160200000003428,22.71785553073531,0.019796326379235,0.1944866717312834,0.0426086166749882,0.0673673467669872,99.81944235465689,63.48949670909591
BMT,2024-07-02,86400,1.0796527733144283,14.80000000000291,2.25,3.430000000000291,23.09980439588421,0.016760411100052,0.2403490229844465,0.0353244478690612,0.0564372027743957,99.93634185580852,64.4168431672097
BMT,2024-07-03,86400,1.2887354205667063,10.319999999999707,2.709999999999127,4.080200000001682,20.875241611592728,0.0200695533139409,0.1860561121357022,0.0428636821707186,0.0663268336650799,99.874998553224,64.2134580846548
BMT,2024-07-04,86400,1.282474498382816,11.5199999999968,2.7000000000043656,4.069999999999709,22.20164585238255,0.0199713811430296,0.1953275400373968,0.0428190903672657,0.0664180526287236,99.86226692438572,64.2156137892448
BMT,2024-07-05,86400,1.2371458762234606,12.910000000003492,2.610000000000582,3.8700000000026193,18.643734302480357,0.0195229080342704,0.1958805710237356,0.0417447065141458,0.0645419381734974,99.90972117732844,63.36893427907414
BMT,2024-07-06,86400,1.1707759744270536,11.819999999999707,2.469999999993888,3.690000000002328,19.587032257317794,0.0182891815802787,0.1558952440682333,0.0390565948517178,0.0598279511289729,99.92013796455976,64.0146727847838
BMT,2024-07-07,86400,1.076941858705056,9.069999999999707,2.2700000000040745,3.4400000000023283,23.628745703075268,0.0166681892611467,0.1580211754189804,0.0353186821055714,0.0569599234641647,99.94560122223636,64.61060897303206
BMT,2024-07-08,86400,1.0089290837593874,13.239999999997965,2.1299999999973807,3.110000000000582,23.719024525746825,0.0154900939417487,0.1422561756335199,0.0330409457106724,0.0512559052126017,99.97106447991295,65.13382601089316
BMT,2024-07-09,86400,1.0849910640870162,12.069999999999707,2.2599999999947613,3.5,23.701663213694605,0.0170498301376293,0.2842352361549274,0.0352166019867581,0.0582061441404221,99.89698954849014,63.63647351704588
BMT,2024-07-10,86400,1.3014523194481726,20.110000000000586,2.6900000000023283,4.529999999998836,19.302306739661336,0.0213673310564629,0.6913827470125398,0.0431274443006259,0.0741978875614586,99.67129249181124,60.90851103248172
BMT,2024-07-11,86400,0.992561988120589,10.650000000001455,2.0899999999965075,3.119999999995489,23.927360270373494,0.0152996790420043,0.1755124852934386,0.0324919606522598,0.0519300430962177,99.9745367423234,64.8746934710655
BMT,2024-07-12,86400,0.968152661145938,10.860000000000582,2.040000000000873,3.0500000000029104,20.7201472239262,0.0149757686641213,0.2130995006227749,0.0314766192204842,0.0505570795999665,99.97685158393035,64.64794447584993
BMT,2024-07-13,86400,0.9958510633753916,13.809999999997672,2.0799999999944703,3.120200000002556,17.878679151379067,0.0152904355139251,0.2006452888672356,0.031949707071908,0.0503841020277468,99.97106447991295,65.12901888264255
BMT,2024-07-14,86400,1.141926279973955,11.880000000004657,2.389999999999418,3.650000000001455,23.06045208856584,0.0180749613357692,0.1953474928814103,0.0387165846710558,0.0614898126310436,99.90161923170407,63.17724606419914
BMT,2024-07-15,86400,1.359456783287982,13.339999999996508,2.860000000000582,4.250199999999936,21.35441382423408,0.0217482501369269,0.2141968351716059,0.0466206776865874,0.0718936142623716,99.7928216761768,62.50878919758317
BMT,2024-07-16,86400,1.4028157469357478,9.330000000001746,2.970000000001164,4.339999999996508,21.5847405641269,0.0225283914576845,0.1875781401322456,0.0482934413928887,0.0746827813038545,99.7800900473385,62.268793114164886
BMT,2024-07-17,86400,1.3957228810248876,11.400000000001455,2.9499999999970896,4.359999999993452,19.945832706397063,0.0220366800827412,0.1661694841677672,0.0469151430894271,0.0722884586527652,99.81018298822904,63.33634992753084
BMT,2024-07-18,86400,1.513303708257879,20.849999999998545,3.040000000000873,4.700000000004366,21.98868042454195,0.0246538476831825,0.4594526658620452,0.0503260032062825,0.084165859818604,99.42013217745576,61.38204987892356
BMT,2024-07-19,86400,1.7592517277750996,11.059999999997672,3.779999999998836,5.690000000002328,19.66689429275802,0.0294935838358507,0.2531387334602186,0.0632517988167819,0.0997513038544275,99.0092477922198,59.648625189354014
BMT,2024-07-20,86400,1.7650135408910677,11.650000000001455,3.769999999996799,5.610000000000582,15.103184064630378,0.0307986850180805,0.3661562005218002,0.0654087807684845,0.1016299891693053,98.92012639035174,57.30808116637436
BMT,2024-07-21,86400,1.7718671663794316,11.929999999993017,3.7999999999956335,5.679999999993161,19.83934999247677,0.030871357237642,0.300761287806381,0.0664240629368577,0.1026525862110431,98.86225535017766,57.39518197021688
BMT,2024-07-22,86400,1.964422278949904,25.389999999999414,4.17000000000553,6.400000000001455,18.6032245743585,0.032753969138286,0.4309292114267009,0.0694121583692321,0.1117886772923521,98.42706512806862,59.97509097588182
BMT,2024-07-23,86400,1.839517304080472,13.549999999995634,3.9499999999970896,5.900000000001455,18.26641512054537,0.0317120474947488,0.2535267461862531,0.0681507116016291,0.1076387421281835,98.6342434518918,58.00689168137336
BMT,2024-07-24,86400,1.8842415599676896,14.790000000000871,4.009999999994761,6.119999999995343,11.625134550168404,0.0328928983514268,0.3269291121760034,0.0700554835479123,0.1107754630353887,98.49419553467054,57.28414503882325
BMT,2024-07-25,86400,1.8962978689172283,12.809999999997672,4.069999999999709,6.190000000002328,20.485190800819453,0.0323996335907396,0.3356125287900795,0.0698242152553574,0.1100591027524206,98.50461232190187,58.52837389496564
BMT,2024-07-26,86400,1.5155081837738305,13.19999999999709,3.2600000000020373,5.180200000000227,21.39492355235593,0.0251635426035149,0.2880457374049001,0.0543880562217963,0.0894510770130729,99.37730760772692,60.22634442186659
BMT,2024-07-28,86400,1.0244071873007234,7.689999999995052,2.1699999999982538,3.2599999999947613,23.430826745679926,0.0159148332542194,0.1320664468075847,0.0345168963831382,0.0540288814980886,99.97337932151991,64.36807542201302
BMT,2024-07-29,86400,1.0594595269513916,9.430000000000293,2.2399999999979627,3.349999999998545,20.93889975578421,0.0164735960974422,0.2221429348137462,0.0351493169247987,0.0550128329927975,99.95717543027118,64.312583641138
BMT,2024-07-30,86400,1.0591081834530736,7.680000000000291,2.2599999999947613,3.37000000000262,22.590539242352342,0.0165280834294946,0.1671783170822891,0.0351881745125865,0.0557370547394385,99.9502309054503,64.0793100970797
BMT,2024-07-31,86400,0.9563421198318002,8.650000000001455,2.0,2.959999999999127,22.58590955913841,0.0141767393769974,0.1172861757368082,0.0306314721514354,0.0468852203196729,99.98495352955474,67.45853854914323
BMT,2024-08-01,86400,0.8585348971734584,6.809999999997672,1.7999999999956344,2.5499999999956344,23.99564809777891,0.0128327419561359,0.1072290047377464,0.0273478959454223,0.0421687901119004,99.99652773758956,66.90190608064479
BMT,2024-08-02,86400,0.8309719662613313,5.309999999997672,1.7400000000052387,2.4200000000055297,23.52457783076193,0.0121984040021214,0.0972228786340565,0.0263188139637349,0.0393266060379392,100.0,68.12136784850664
BMT,2024-08-03,86400,0.7833803616553617,10.969999999993888,1.639999999999418,2.3000000000029104,23.933147374390902,0.0115959756558303,0.1442926145755336,0.0245319056797597,0.0377770430179953,99.99537031678608,67.55622681856237
BMT,2024-08-04,86400,0.7837157875041463,4.870000000002619,1.639999999999418,2.319999999999709,24.410004745425297,0.011880452510524,0.0976522705095703,0.0253955717409553,0.0384990814782214,100.0,65.96682969305608
BMT,2024-08-05,86400,0.8250586668792081,13.400000000001455,1.7299999999959257,2.479999999995925,24.48292225604463,0.012484257909496,0.2262151286631706,0.0266259428419289,0.0405142113706099,99.99189805437562,66.08792230938647
BMT,2024-08-06,86400,0.8216996462153406,6.209999999999127,1.7200000000011642,2.4499999999970896,23.41809511684163,0.0120415067334745,0.1317806588631356,0.0258688354268087,0.0392411645538231,99.99652773758956,68.23893922368013
BMT,2024-08-07,86400,0.8530235825305266,7.349999999998545,1.7899999999935972,2.5499999999956344,23.707450317712013,0.012706554216005,0.1155126960366033,0.0272897576716786,0.0415774437885557,99.99884257919652,67.13256544318926
BMT,2024-08-08,86400,0.8448500852974518,7.239999999997963,1.7699999999967986,2.5200000000040745,24.67505410942256,0.0126168005796316,0.1864026139228372,0.0270990912140404,0.0419766605284531,99.9872683711617,66.96230790826658
BMT,2024-08-09,86400,0.7892704962924366,6.980000000003201,1.6500000000014552,2.3399999999965075,23.82203497725668,0.0116414850395884,0.1547283829786465,0.0245344091323204,0.0382357482549561,99.9942128959826,67.79809393222766
BMT,2024-08-10,86400,0.7961473337249049,6.230000000003201,1.6600000000034925,2.349999999998545,21.65302839153231,0.0119003244509159,0.1471192436220008,0.0251737843340379,0.0386056090486818,99.9942128959826,66.90131323240756
BMT,2024-08-11,86400,0.7787551008187045,7.089999999996508,1.6299999999973809,2.319999999999709,24.67389668861908,0.0114141722943411,0.0935840545716928,0.0241236052403109,0.0374037848293665,100.0,68.2270322077199
BMT,2024-08-12,86400,1.021333376864629,9.32999999999447,2.12000000000262,3.309999999997672,23.16230511927221,0.0158992220441211,0.1453926601461717,0.0338235965304192,0.0546779628923104,99.93981411821896,64.23794660934587
BMT,2024-08-13,86400,1.286700285782956,19.310000000004948,2.709999999999127,4.059999999997672,16.91570504288244,0.0204783832676345,0.175761368307576,0.0435380607428669,0.0696646627385054,99.8495352955474,62.83212248272115
BMT,2024-08-14,86400,1.3884625697844082,11.900000000001455,2.9100000000034925,4.450000000004366,21.66807486197757,0.0224899786710151,0.2913657348544802,0.0477017263103334,0.0765869873928024,99.71643190314704,61.73694470916089
BMT,2024-08-15,86400,1.2269597179653666,12.860000000000582,2.4800000000032014,4.0999999999986905,22.69007743145175,0.0190506230224743,0.274491186843079,0.0392883087217341,0.0669480513496092,99.76504357689323,64.40522792632527
BMT,2024-08-16,86400,1.0108354418180103,7.790000000000873,2.12000000000262,2.9800000000032014,20.883343557217096,0.0152842870109908,0.1263949460408184,0.0323241233811131,0.0502642819826724,99.99074063357214,66.13559670954827
BMT,2024-08-17,86400,0.8176341126014146,6.580000000001746,1.7099999999991269,2.4499999999970896,19.13563814396,0.0120748256552394,0.1061973189061973,0.0259103545584366,0.0390702853104448,99.99652773758956,67.71394766920851
BMT,2024-08-18,86400,0.8110413587391119,5.890000000006694,1.7000000000043656,2.4199999999982538,24.38222664614174,0.0119999274567914,0.1025917577935615,0.0258982674902654,0.0390552048034442,99.99884257919652,67.58718847191949
BMT,2024-08-19,86400,0.8458868412238489,7.219999999993888,1.7700000000040743,2.5199999999967986,23.79541429877661,0.012699148369462,0.2888229694508482,0.0271608996343275,0.0420285742820124,99.9872683711617,66.60972976671101
BMT,2024-08-20,86400,0.8739005571297289,7.830000000001746,1.8499999999985448,2.6000000000058208,24.07088045000521,0.0129528116841531,0.1070033642099588,0.0275495263311313,0.0426216527032375,99.99768515839304,67.46801994592525
BMT,2024-08-21,86400,0.9055737910238244,13.960000000006405,1.8800000000046568,2.7300000000032014,23.952823528050093,0.0138004856521143,0.2578114621865097,0.0290673917348612,0.0459984705061652,99.96759221750251,65.61897992477284
BMT,2024-08-22,86400,1.3734974007721488,8.87000000000262,2.9110000000028813,4.290000000000873,19.732867278556466,0.0217575298557998,0.1757137106906157,0.0465533532900735,0.0727900671931275,99.81944235465689,63.12745103934188
BMT,2024-08-23,86400,0.9304024463159428,9.400000000001455,1.9100000000034925,3.0199999999967986,21.140290975589995,0.0139936005028032,0.1871130176150472,0.0293247760295343,0.0478007400513162,99.96180511348513,66.48770958289634
BMT,2024-08-24,86400,0.7800982110226706,9.439999999995052,1.6299999999973809,2.319999999999709,25.010706142432205,0.0115439540681972,0.1791488975723041,0.0242336230585351,0.0376944437721977,99.98958321276866,67.57634397595282
BMT,2024-08-25,86400,0.8575918930791707,7.919999999998254,1.7799999999988358,2.75,24.42157895346011,0.0128112486659376,0.1682664838444907,0.0272963969917327,0.0430777649331139,99.98379610875124,66.9405391601195
BMT,2024-08-26,86400,1.7576066138537625,18.55000000000291,3.659999999996217,6.5,19.690042708827647,0.0302138631128878,0.4218613788762013,0.0649289379631226,0.1137224927348147,98.4212780240512,58.17219093197894
BMT,2024-08-27,86400,2.3217465669990984,19.25,4.919999999998254,8.270000000004075,16.742091922360213,0.0414863658722201,0.4473894027396454,0.0897608665203733,0.1494485201618228,96.24416949270244,55.96408646865376
BMT,2024-08-28,86400,2.313595082566612,20.31999999999971,4.900000000001455,8.229999999996071,17.375201101864604,0.0412631039514519,0.4285371038349694,0.0889187318105541,0.1484634884397383,96.3599115730506,56.06934188064477
BMT,2024-08-29,86400,2.296096858142697,17.720000000001164,4.880000000004657,8.209999999999127,20.48287595921249,0.0409284656302832,0.4556958039247547,0.0891142991895321,0.1466937572251481,96.38305998912024,56.10024277058898
BMT,2024-08-30,86400,1.6760201697120771,20.31999999999971,3.459999999999127,6.319999999999709,18.875218463176655,0.0277567683063617,0.3723358866263879,0.0585708977174362,0.1093448893676395,98.6597067095684,60.38239578732063
BMT,2024-08-31,86400,0.970591507015535,19.139999999999414,2.029999999998836,2.8399999999965075,22.76415236287457,0.0145822245985363,0.3460015354285133,0.031023474860558,0.0468661773603526,99.97916642553731,66.55990657600996
BMT,2024-09-01,86400,0.9701476792231224,5.819999999999709,2.040000000000873,2.87000000000262,23.492170048264445,0.0141233733921227,0.1094558474287623,0.0307196014320652,0.0465563419891987,99.99652773758956,68.69093184886893
BMT,2024-09-02,86400,0.9684072103347642,7.5,2.029999999998836,3.0,23.810460769221866,0.014395025522264,0.1421059476415394,0.0310180194705026,0.0482481784424453,99.98379610875124,67.27374041606997
BMT,2024-09-03,86400,1.3848805361425982,13.029999999998836,2.930000000000291,4.379999999997381,21.981735899721063,0.0222002991531577,0.1794627343479078,0.0472681862091121,0.0741336631870945,99.77777520573154,62.38116552061104
BMT,2024-09-04,86400,1.4061160920048366,11.470000000001164,2.969999999993888,4.440000000002328,19.118276831907774,0.0228519181776974,0.2435552980896318,0.0484289461630395,0.0760924150452774,99.71064479912962,61.53164390880831
BMT,2024-09-05,86400,1.416096365890801,9.770000000004076,3.0099999999947613,4.480000000003201,21.776872417504837,0.0223448098217577,0.1832553803687915,0.0479048952220182,0.0740649818682869,99.80092362180118,63.37473342236879
BMT,2024-09-06,86400,1.4044815953608092,10.430000000000293,2.979999999995925,4.409999999996362,19.363650042245855,0.0223168914493848,0.2070724354780395,0.0479263340537727,0.0746763533138437,99.76388615608975,62.93356753933544
BMT,2024-09-07,86400,1.367306233391349,9.430000000000293,2.889999999999418,4.2202000000011,19.79189573953402,0.0218544079893391,0.1992481165289064,0.0467889234059839,0.0718416606880785,99.80323846340814,62.56432267557972
BMT,2024-09-08,86400,1.0782960930597512,8.680000000000291,2.250999999999389,3.310200000004884,23.265315570782068,0.0163980608175088,0.1482883945282083,0.0351518219911667,0.0543998004487366,99.97222190071643,65.75753712552745
BMT,2024-09-09,86400,1.0110794790801765,7.909999999996216,2.12000000000262,2.979999999995925,21.33358024977141,0.0153847026599392,0.1444826994411414,0.032833920680423,0.0504882451967569,99.98842579196518,65.71979331438372
BMT,2024-09-10,86400,1.01509089264741,6.700000000004366,2.1199999999953434,2.959999999999127,21.737520110186463,0.0156247243685737,0.1183099861664231,0.033658471462695,0.0511279853714226,99.98958321276866,64.96696316922645
BMT,2024-09-11,86400,1.063902769168921,7.049999999995634,2.219999999993888,3.12000000000262,17.018715494392296,0.0162507225216108,0.1487797036461415,0.0348436169144406,0.0532493600968155,99.97916642553731,65.46802874079174
BMT,2024-09-12,86400,1.0508487032290212,7.010000000002037,2.2000000000043656,3.069999999999709,22.775726570909384,0.0157279360087683,0.142549273034092,0.0339119181073328,0.0513890528680349,99.98958321276866,66.81415174733397
BMT,2024-09-13,86400,1.4428024967269428,15.0,3.0799999999951977,4.529999999998836,21.647241287514905,0.0230150786324393,0.2292809771752217,0.0496409339859382,0.0779218751729059,99.68865380386347,62.689444590063296
BMT,2024-09-14,86400,1.9623315654147424,14.419999999998254,4.1599999999962165,6.530199999998917,19.99560180094677,0.0337589720763149,0.2928350651782239,0.0726303385483333,0.1164476962476328,98.18516418014096,58.12770486377963
BMT,2024-09-15,86400,1.6287209073922526,14.279999999998836,3.4200000000055297,5.059999999997672,20.651859396520795,0.0264676918062116,0.3357595783381839,0.0568084816775806,0.0894130421269801,99.39119665736872,61.53618982931019
BMT,2024-09-16,86400,1.096564731295294,7.860000000000582,2.290000000000873,3.42020000000532,22.85211634393917,0.0162054123278789,0.1500146394027979,0.034850028787332,0.0545931550602836,99.95949027187817,67.66657392241443
BMT,2024-09-17,86400,0.9530161698706268,6.930000000000291,1.9899999999986904,2.8099999999978174,22.156506441046773,0.0143198783199796,0.1867635274684289,0.0309137291435035,0.0469829645141726,99.99305547517912,66.55197401184537
BMT,2024-09-18,86400,1.272874739122151,9.62000000000262,2.6900000000023283,3.810000000004948,20.67963749580435,0.0199271161185258,0.1869243470137007,0.042926656363852,0.0654882842612279,99.90161923170407,63.87651537168017
BMT,2024-09-19,86400,1.2771050800632584,7.309999999997672,2.709999999999127,3.819999999999709,20.42269007743145,0.0201274794959008,0.1571708991759806,0.0429917490342631,0.066236116184591,99.89930439009711,63.45082007212595
BMT,2024-09-20,86400,1.2544157666597444,8.239999999997963,2.650000000001455,3.720000000001164,18.07196842556048,0.0195793464905115,0.152095807272417,0.0423411355106508,0.0638212988639137,99.92708248938064,64.06831643760854
BMT,2024-09-21,86400,1.7257965253888412,12.44999999999709,3.650000000001455,5.480200000003137,14.42262063218324,0.030757995400007,0.2382987621094798,0.0663488231555674,0.1024102238150954,98.87382955821248,56.10887520102611
BMT,2024-09-22,86400,1.7590160716701224,11.569999999999707,3.779999999998836,5.6599999999962165,20.84514867070221,0.030254569184272,0.2787154952966375,0.0653577777506142,0.1025129266476142,98.86804245419508,58.14050964990808
BMT,2024-09-23,86400,1.8767117622744784,12.2699999999968,4.029999999998836,6.030200000006047,18.98285859790044,0.0324414780759168,0.319842926277488,0.0700011548862675,0.1089065082241725,98.56711304528989,57.84914478387534
BMT,2024-09-24,86400,1.8595121053995176,12.270000000004076,3.9899999999979623,6.019999999996799,20.996770795958287,0.0315297785304619,0.3031588435987942,0.0678798135049873,0.1059609954597545,98.70716096251114,58.976377000048025
BMT,2024-09-25,86400,1.8444456276983847,13.599999999998545,3.959999999999127,5.980000000003201,21.043067628097543,0.0316683240146061,0.3459530501422705,0.0676893576273869,0.1064844511410048,98.6712809176032,58.24260313837394
BMT,2024-09-26,86400,1.823131961289718,11.970000000001164,3.900000000001455,5.94999999999709,20.742138219192352,0.0317723608314599,0.2755779620056273,0.0679636526983813,0.107318805824325,98.64581765992662,57.381066861960505
BMT,2024-09-27,86400,1.7781898514232897,11.039999999993595,3.809999999997672,5.75,18.16224724823204,0.0302297978959083,0.2813113225492998,0.0651604569080518,0.1019043720519403,98.8854037662473,58.82241943817792
BMT,2024-09-28,86400,1.757227564994065,13.389999999999418,3.75,5.580200000001682,20.965520434264285,0.0301545706834985,0.2610064321706886,0.0652270501414022,0.1013552520651137,98.94790448963528,58.27400374489149
BMT,2024-09-29,86400,1.867456465007926,15.369999999995343,4.010000000002037,6.110200000000518,20.643757450896423,0.0332094730756614,0.4470574897422921,0.0709474112583847,0.1129456993519854,98.38192571673284,56.23264364047719
BMT,2024-09-30,86400,1.5796974589505934,11.7300000000032,3.37000000000262,5.169999999998399,20.341670621187745,0.0262787247235875,0.281846005404077,0.0562665637087774,0.0900849785696486,99.3356404588016,60.11317046418753
BMT,2024-10-01,86400,1.320189510717011,8.12000000000262,2.7999999999956344,4.120000000002619,21.48867463743793,0.021146504316304,0.1775961653765989,0.0453980631922603,0.0707568757438277,99.82059977546037,62.430626400823535
BMT,2024-10-02,86400,2.12220161076374,15.790000000000871,4.589999999997235,7.099999999998545,19.85786872533247,0.0365042224395208,0.3909309868613491,0.0783116425503976,0.1259522154857406,97.6458060857186,58.13578454442112
BMT,2024-10-03,86400,2.2399570621556637,16.06999999999971,4.830000000001746,7.430000000000291,20.26991053137189,0.0388631122253448,0.4287088460769155,0.0830038415348098,0.1334760046379233,97.13538351138324,57.637099394145366
BMT,2024-10-04,86400,2.273449431616706,14.639999999999418,4.900000000001455,7.490000000005239,20.053472841120843,0.0398123324937006,0.3854920101803145,0.0855904799776907,0.1346257136225177,96.90158450907995,57.10415062768106
BMT,2024-10-05,86400,2.2463191999596983,15.239999999997965,4.860000000000582,7.419999999998254,19.948147548004027,0.0387967081990445,0.3075227420049486,0.0831625569669993,0.1322941339273533,97.11917962013447,57.89973696678524
BMT,2024-10-06,86400,1.484237957680374,16.94999999999709,3.040000000000873,4.970000000001164,20.78496278892117,0.0234715874495195,0.264228029489459,0.0491725031781242,0.0841309273483059,99.4803180592368,63.23551659253099
BMT,2024-10-07,86400,1.040241805858983,8.25,2.18999999999578,3.1900000000023283,21.36598803226889,0.015204584621105,0.1477647601568605,0.0326984852581517,0.0508417203044519,99.97800900473383,68.41632518830133
BMT,2024-10-08,86400,1.09471428649708,12.090000000003783,2.3000000000029104,3.459999999999127,23.317399506938735,0.0172900715043405,0.2069171603943687,0.0364938854982028,0.0591417498905503,99.89467470688318,63.31461880646051
BMT,2024-10-09,86400,1.3940981126084562,10.75,2.959999999999127,4.349999999998545,20.42037523582449,0.0221191738223936,0.1886469764722278,0.0471626042919524,0.0737917272042252,99.79513651778376,63.02668100261644
BMT,2024-10-10,86400,1.4006840729514745,14.020000000004076,2.970000000001164,4.3201999999996445,20.632183242861608,0.0221510458047329,0.1913842726935399,0.0472364921188272,0.0736038930174254,99.80323846340814,63.23331571952074
BMT,2024-10-11,86400,1.3961659830708355,16.419999999998254,2.959999999999127,4.330000000001746,19.44814176090001,0.0221977046549912,0.3476522321434458,0.0470790263076195,0.0738398679050443,99.79513651778376,62.89686274810426
BMT,2024-10-12,86400,1.3198678512239688,11.630000000004657,2.809999999997672,4.0999999999986905,20.486348221622936,0.0213838562176805,0.1985929738875711,0.0461113904675585,0.071248889871058,99.84143334992304,61.72263027427938
BMT,2024-10-13,86400,1.2681310414449936,9.430000000000293,2.680000000000291,3.939999999995052,22.386833180939597,0.0206961668818934,0.2618409208298544,0.0442688328461371,0.0683645082302974,99.85879466197524,61.27371549623408
BMT,2024-10-14,86400,1.3601402179703748,9.060000000004948,2.889999999999418,4.209999999999127,20.007176008981588,0.0221383434445193,0.1929720097032259,0.0470822199997201,0.0740040776818933,99.78356230974896,61.438211098204775
BMT,2024-10-15,86400,1.354823665158947,20.56999999999971,2.87000000000262,4.220000000001164,22.083588930427435,0.0220692216863355,0.31640625,0.0471273026305424,0.0734534302244719,99.77546036412458,61.38973473343719
BMT,2024-10-16,86400,1.3719856880646248,8.790000000000873,2.9200000000055297,4.349999999998545,21.71668653572379,0.0223846840549136,0.189097744099854,0.0476905806921422,0.0743794791633263,99.78819199296288,61.29126882638169
BMT,2024-10-17,86400,10245.598105204575,952346.8,2.9399999999950523,4.450000000004366,21.987523003738467,394.7953920033573,43393.13025726519,0.5562652098349639,8.261390058421535,93.6550191553143,25.95166588245645
BMT,2024-10-18,86400,1.3961643880818218,9.190000000002328,2.970000000001164,4.459999999999127,17.619416891399204,0.022613586630017,0.2396400130455731,0.0484180119827213,0.0753743257542374,99.7442100024306,61.74006851999432
BMT,2024-10-19,86400,1.2874473011593812,7.349999999998545,2.7400000000052387,3.9799999999959255,22.23752589729048,0.020607851957826,0.1705182157820672,0.0437576257383624,0.0682173174590571,99.85763724117176,62.47362916482854
BMT,2024-10-20,86400,1.188624733831974,22.159999999996217,2.5200000000040745,3.889999999999418,23.080128242225022,0.0196476448868757,0.7484016893358785,0.040803035529825,0.0661741160706152,99.85416497876132,60.4970590936045
BMT,2024-10-21,86400,1.4207416158050403,8.85000000000582,3.0099999999947613,4.5,15.91106378546048,0.0234838175832342,0.2162257614254485,0.0505890042877581,0.0783789320137293,99.71527448234356,60.49875028661659
BMT,2024-10-22,86400,1.4096470258216696,8.480000000003201,3.0,4.419999999998399,21.92733712195743,0.022856105087307,0.2274975243781227,0.0490512832751846,0.0767548921887648,99.76272873528627,61.67485756542264
BMT,2024-10-23,86400,1.4294950571038283,10.75,3.029999999998836,4.509999999994761,19.702774337665947,0.0226765508006615,0.1975006522989133,0.0488882717065279,0.0744747543020642,99.76272873528627,63.03846954533696
BMT,2024-10-24,86400,1.4319415502645123,8.980000000003201,3.0200000000040745,4.470000000001164,21.149550342017847,0.0230593279281852,0.2088005684272502,0.0501000739546724,0.076951560935704,99.73263579439576,62.09814764168224
BMT,2024-10-25,86400,1.4188005215242254,8.80000000000291,3.0200000000040745,4.509999999994907,19.25600990752208,0.0225901881321009,0.2081609625965939,0.0487957161349185,0.0757161698171694,99.76967326010715,62.80605159924655
BMT,2024-10-26,86400,1.3294187540908766,8.55000000000291,2.810000000004948,4.150000000001455,17.22589381821549,0.0212686175261513,0.1678229978424497,0.0460118433380557,0.0703327994605934,99.84490561233348,62.50611975102529
BMT,2024-10-27,86400,1.3228345118546807,11.12000000000262,2.809999999997672,4.200000000004366,22.272248521394925,0.0211715241049649,0.2176445665390929,0.0459457322329399,0.0725696708299801,99.8182849338534,62.48178001894441
BMT,2024-10-28,86400,1.4870356620665908,19.239999999997963,3.099999999998545,4.840000000003784,21.73173300616905,0.0240759599457816,0.2679019213974243,0.0505841397440235,0.0825870109375682,99.53124457458998,61.76433526860776
BMT,2024-10-29,86400,2.3699399086343744,16.0199999999968,5.129999999997381,7.830000000001746,18.18308082269471,0.041604820277542,0.3682945157052018,0.0894802304297627,0.1419348284754961,96.37148578108544,56.96310890824073
BMT,2024-10-30,86400,2.3964215299730154,19.25999999999476,5.169999999998254,7.900200000001391,20.399541661361823,0.0417652030272742,0.3550067404939909,0.0898339218962064,0.1436410257006356,96.32055926573224,57.37842405197178
BMT,2024-10-31,86400,2.3866796686522718,20.049999999995634,5.150000000001455,7.889999999999418,20.22361369923263,0.0417603159992662,0.4025331276352517,0.0897554852053871,0.1433676788186131,96.34949478581927,57.15185844467874
BMT,2024-11-01,86400,2.3556715058059,17.720000000001164,5.100000000005821,7.770000000004074,16.29879975462679,0.0414963925602862,0.4191909342916915,0.0897898966373759,0.1417590429616393,96.32055926573224,56.76810345204822
BMT,2024-11-02,86400,2.204711656246957,15.5,4.7299999999959255,7.180200000000227,15.91916573108485,0.038751708851834,0.3862155892711598,0.0829776901213335,0.1316126677939611,97.19209713075384,56.89327571642609
BMT,2024-11-03,86400,2.032784271741632,18.090000000003783,4.4100000000034925,6.989999999997963,21.061586360953253,0.036265064500264,0.3597206038466538,0.0785224718645622,0.1289191593410215,97.47798006921376,56.05351320058397
BMT,2024-11-04,86400,1.234888102356944,15.709999999999129,2.5800000000017462,4.080000000001746,21.13913355478651,0.0193973028166241,0.2705155326257227,0.0411091868067159,0.0683016325546489,99.80786814662208,63.662876945703104
BMT,2024-11-05,86400,1.1251659270077103,7.769999999996799,2.389999999999418,3.4800000000032014,22.738689105197977,0.0174620460663973,0.1477438977526617,0.0375753746578993,0.0585764758165169,99.95138832625378,64.43494208324522
BMT,2024-11-06,86400,1.1557345503199423,13.24000000000524,2.4500000000043656,3.5899999999965075,21.97479137490017,0.0179043292240829,0.2384713938226923,0.038672130001214,0.0595901453500846,99.92013796455976,64.55056404463491
BMT,2024-11-07,86400,1.325418594852839,16.029999999998836,2.7700000000040745,4.430000000000291,22.81623629903124,0.0219468761243849,0.4023415111660142,0.0465514929426717,0.0780375935134361,99.6307827636894,60.392129945080725
BMT,2024-11-08,86400,1.5728540203655397,12.650000000001455,3.389999999999418,5.319999999999709,18.74905959559717,0.0263719819548583,0.283689041112666,0.0569858699534961,0.0930863407380823,99.28934362666234,59.641100278249816
BMT,2024-11-09,86400,1.877872553223224,14.880000000004657,4.069999999999709,6.190000000002328,20.176159446289887,0.0322431037144995,0.3158805856292019,0.0700597597227896,0.1095458003225213,98.51155684672275,58.24106046963825
BMT,2024-11-10,86400,1.5305684068659924,14.619999999995343,3.290000000000873,5.110000000000582,19.28841769001956,0.0248364805211446,0.2729075020470191,0.0534016640027402,0.0864070566324517,99.45253995995324,61.62581713223472
BMT,2024-11-11,86400,1.3115956972773564,17.630000000004657,2.75,4.339999999996508,20.20625238718041,0.020943562035789,0.3436974193755304,0.0445983003184664,0.0734772701316979,99.74652484403754,62.62524469206483
BMT,2024-11-12,86400,1.8575085063487324,18.159999999996217,3.930000000000291,7.070200000006776,21.984050741328023,0.0341164567280104,0.4037911648047156,0.0736335268986293,0.1329845997253142,97.61802798643502,54.44611441050456
BMT,2024-11-13,86400,1.8329073788265524,18.299999999995634,3.849999999998545,6.620000000002619,21.119457401127328,0.0310232832278939,0.6188113032621914,0.0651617844079736,0.1131796923030927,98.5034549010984,59.08166989622325
BMT,2024-11-14,86400,1.3588802066179368,8.639999999999418,2.889999999999418,4.190000000002328,22.02571789025336,0.0213418242719973,0.1942658234838745,0.0456721190959796,0.070961640268215,99.8310165626917,63.672167347814565
BMT,2024-11-15,86400,1.2867372487048707,8.510000000002037,2.720000000001164,3.959999999999127,15.148323475966158,0.0201489897053984,0.1469220858125481,0.0429240638870396,0.0660280139899987,99.87731339483096,63.86112988564691
BMT,2024-11-16,86400,1.1947755723950195,17.770000000004075,2.5100000000020373,3.690000000002328,21.03612310327666,0.0188279735178037,0.1757280200909008,0.0402010613623133,0.0624096978729358,99.9305547517911,63.45747040709303
BMT,2024-11-17,86400,1.015155719892379,9.310000000004948,2.150000000001455,3.149999999994325,23.58013402932904,0.0156126978613088,0.1283808048901846,0.0335302968218456,0.0516172216308769,99.97800900473383,65.02115962565969
BMT,2024-11-18,86400,1.0372194791025071,6.2700000000040745,2.1999999999970896,3.1900000000023283,23.695876109677197,0.0163931705590064,0.127919749742432,0.0351690423980471,0.0545403709617676,99.97222190071643,63.27143826789429
BMT,2024-11-19,86400,1.0533354189298123,9.189999999995052,2.2300000000032014,3.2700000000040745,23.628745703075268,0.0163464467480633,0.1623086201434489,0.0349268746838788,0.0544898479702533,99.95949027187817,64.4381886228679
BMT,2024-11-20,86400,1.2115517045833926,9.69999999999709,2.560000000004948,3.860000000000582,22.58475213833493,0.0194851977663529,0.1839964135215268,0.0418886002757062,0.0664005130784062,99.85647982036828,62.178055314035454
BMT,2024-11-21,86400,1.3847307289225972,8.900000000001455,2.93999999999578,4.27020000000401,21.41112744360467,0.0221401219619229,0.1861069438018603,0.0472043786874564,0.0740199336917432,99.80439588421164,62.543952162573504
BMT,2024-11-22,86400,1.353589443789354,13.00999999999476,2.8699999999953434,4.190000000002328,15.896017315015222,0.0217316181682965,0.177850584143016,0.0466793241168488,0.0721972654337878,99.8240720378708,62.28663844746587
BMT,2024-11-23,86400,1.2525822439957544,11.400000000001455,2.650000000001455,3.859999999993452,22.103265084086622,0.0201071142370433,0.2091160283889621,0.0429800971680378,0.066407610875176,99.89698954849014,62.29547557977402
BMT,2024-11-24,86400,1.0661170725468303,6.950000000004366,2.2700000000040745,3.3400000000037835,21.982893320524543,0.0165413414870214,0.1640262033324688,0.0351589429745217,0.0550960137031507,99.95486058866422,64.45166937148782
BMT,2024-11-25,86400,1.6300311438932908,13.660000000003492,3.5200000000040745,5.950000000004366,22.12525607935277,0.0291578880404547,0.398914571320347,0.0631214124092366,0.1125192699480976,98.528918158775,55.90360802455304
BMT,2024-11-26,86400,2.216222865165731,16.089999999996508,4.760000000002037,7.319999999999709,15.41684510237387,0.0397421056289772,0.4053437693946762,0.0857851117958489,0.1333504928021284,96.89579740506257,55.7651093225933
BMT,2024-11-27,86400,2.158024185474211,15.459999999999129,4.6600000000034925,7.100000000005821,17.199273139735414,0.0380588328831092,0.39117545519548,0.0816607939690584,0.1294707362090413,97.34834893922384,56.7023216935076
BMT,2024-11-28,86400,1.997779238384048,18.39999999999418,4.349999999998545,6.650000000001455,20.42384749823493,0.0355002226961559,0.3319136658392381,0.0773779152608766,0.1244966041498993,97.72219585874836,56.27511848099191
BMT,2024-11-29,86400,2.130184911894841,15.610000000000582,4.599999999998545,6.940000000002328,13.107790599428236,0.037344937085278,0.3791577651063562,0.0811780955787978,0.1273522083139687,97.45946133635806,57.04079530174259
BMT,2024-11-30,86400,1.5718334256896234,16.2699999999968,3.349999999998545,5.2299999999959255,21.065058623363697,0.0263661676424926,0.3860742507822579,0.0563651322227087,0.090211852194916,99.33795530040857,59.61554394036348
BMT,2024-12-01,86400,1.424323313456595,19.970000000001164,2.9900000000052387,4.669999999998254,21.05348441532888,0.0235760163708422,0.3867848144000163,0.0503836609663267,0.0815062181989196,99.56018009467702,60.41407890934948
BMT,2024-12-02,86400,1.2008284657155883,8.840000000003783,2.559999999997672,3.75,22.05812567275084,0.0194272259200186,0.2048059250591904,0.042034960107412,0.0661615686603181,99.89120244447274,61.81162820659789
BMT,2024-12-03,86400,1.2754376599181705,14.709999999999129,2.6900000000023283,3.9502000000043016,19.4550862857209,0.0206310314218098,0.1875831775687402,0.0440201653713301,0.0686237097032427,99.8611095035822,61.82132312144306
BMT,2024-12-04,86400,1.3602154007075793,7.75,2.87000000000262,4.1599999999962165,20.309262838690262,0.0220812454729212,0.2226557380490703,0.0471048691797477,0.0731548124067195,99.8182849338534,61.60048364636141
BMT,2024-12-05,86400,1.3195563970531874,7.720000000001164,2.790000000000873,4.090000000003784,21.769927892683945,0.0216915031979175,0.2037383335555205,0.0468693763577903,0.0710241014284841,99.85879466197524,60.83287013133506
BMT,2024-12-06,86400,1.3426737392807793,7.8399999999965075,2.849999999998545,4.150000000001455,16.376346948460053,0.0220633181837356,0.1820070126414066,0.0468990406603552,0.0736033465055516,99.81481267144297,60.85547640833539
BMT,2024-12-07,86400,1.289135289415155,9.040000000000871,2.721000000000553,3.9899999999979623,19.674996238382388,0.0207873821364902,0.2046167821827111,0.044491873197694,0.0680627580899455,99.87152629081356,62.01527834956124
BMT,2024-12-08,86400,1.259029104689988,8.269999999996799,2.650000000001455,3.8500000000058208,21.73636268938298,0.0203234419163973,0.1877496722154319,0.0430567705268913,0.0665559633332305,99.87152629081356,61.94960035840343
BMT,2024-12-09,86400,1.2912836408788335,8.139999999999418,2.7300000000032014,3.9899999999979623,21.817382145626684,0.0208276779798677,0.1719696366126299,0.0449521159040159,0.0695990056365554,99.87036887001008,61.9984446689163
BMT,2024-12-10,86400,1.1064464123156712,8.110000000000582,2.3400000000037835,3.389999999999418,22.942395166610723,0.0173762950920875,0.1410505716048646,0.0377277109160786,0.0582404421870888,99.94560122223636,63.67562281765277
BMT,2024-12-11,86400,1.101592201430431,8.719999999993888,2.3300000000017462,3.359999999993452,23.10559149990162,0.0169946606496791,0.1613917856957414,0.0360676989679631,0.0576184366911185,99.96527737589555,64.81989985404084
BMT,2024-12-12,86400,1.101486899118925,9.400000000001455,2.3300000000017462,3.400200000001391,22.0106714198081,0.0176326982015945,0.1856221378766349,0.0381391900737071,0.0586195086099905,99.95370316786074,62.46842578845072
BMT,2024-12-13,86400,1.0878076124487062,8.990000000005239,2.2999999999956344,3.3300000000017462,19.57545804928298,0.0169388144878736,0.1679663184477249,0.0359047440892027,0.0560397518001266,99.95370316786074,64.21981970244953
BMT,2024-12-14,86400,1.100581538743133,14.470000000001164,2.3299999999944703,3.3799999999973807,19.305779002071784,0.0177160327666118,0.2928418056180817,0.0378381795810127,0.0586130780090752,99.93286959339808,62.12347612921527
BMT,2024-12-15,86400,1.0285612822554924,8.470000000001164,2.1699999999982538,3.1899999999950523,23.429669324876446,0.0160205814855943,0.1947901974344859,0.0345888326883141,0.0542034573850105,99.96180511348513,64.20249371823154
BMT,2024-12-16,86400,1.1049773635753557,6.580000000001746,2.3399999999965075,3.389999999999418,21.3405247745923,0.017164376007932,0.1624701228574849,0.0367781441163969,0.0576118295863852,99.95370316786074,64.37620353925726
BMT,2024-12-17,86400,1.1263385675263535,7.959999999999127,2.3799999999973807,3.4400000000023283,20.74676790240628,0.0175732988117952,0.1809150699918973,0.0381789186474634,0.05829701626717,99.94675864303984,64.09374696947944
BMT,2024-12-18,86400,1.3380126996887445,8.970000000001164,2.819999999999709,4.110200000000518,20.906491973286727,0.0211705170551181,0.1826307082228595,0.0457821012685598,0.0696974875792514,99.87152629081356,63.20170150506875
BMT,2024-12-19,86400,1.315285421265988,7.919999999998254,2.7700000000040745,4.040000000000873,21.650713549925342,0.0209059084441261,0.1891694993901183,0.0443202244634448,0.0690993285956211,99.83333140429866,62.914530823587626
BMT,2024-12-20,86400,1.281915946294773,9.290000000000871,2.7000000000043656,3.9202000000054658,16.340466903552127,0.0204196522274726,0.1587001814768882,0.0432336027341079,0.0667512128714588,99.88541534045532,62.7785396123103
BMT,2024-12-21,86400,1.2210136107898222,8.950000000004366,2.5800000000017462,3.720000000001164,20.188891075128183,0.0196407401421193,0.1770830209279665,0.0425968293122423,0.0650093678616396,99.90509149411452,62.16739297462634
BMT,2024-12-22,86400,1.0587220361225351,8.889999999999418,2.2399999999979627,3.2700000000040745,23.30466787810044,0.0162420375282674,0.1509515224024653,0.0351110378491284,0.0545590695546707,99.96411995509207,65.18406537448047
BMT,2024-12-23,86400,1.0687581672384023,8.799999999995634,2.25,3.3000000000029104,23.412308012824223,0.0168323835401919,0.1838187673711218,0.0355091256053128,0.0571653955310468,99.94560122223636,63.49416674251474
BMT,2024-12-24,86400,1.314754429445713,11.0199999999968,2.7300000000032014,4.510200000001973,19.055776108519776,0.0213178983493355,0.1990624216705327,0.0463182991050415,0.0742612655063567,99.76735841850022,61.67373574257708
BMT,2024-12-25,86400,1.326310993614338,11.35000000000582,2.7600000000020373,4.629999999997381,22.333591823979443,0.0215577386547277,0.1932632727111922,0.0464099753393384,0.0760121921917016,99.7129596407366,61.52366047270675
BMT,2024-12-26,86400,1.2887622303571045,10.569999999999707,2.6900000000023283,4.430000000000291,21.91229065151217,0.0209685515539175,0.2029044085356872,0.0454274625502875,0.073816719222523,99.74073774002014,61.46167163629689
BMT,2024-12-27,86400,1.2787811231444406,10.470000000001164,2.650000000001455,4.370000000002619,21.850947348927647,0.0204331431501407,0.2066569552043802,0.0437678311231138,0.0711041812825716,99.79513651778376,62.58367171832031
BMT,2024-12-28,86400,1.1891940765105231,9.430000000000293,2.5,3.720000000001164,22.87410733920532,0.0192178934435774,0.2049082741432357,0.0412435584708873,0.0652102474850837,99.87962823643792,61.87952284885161
BMT,2024-12-29,86400,0.9967072880750356,7.239999999997963,2.12000000000262,3.110000000000582,24.03268556349032,0.0154099326187357,0.160301596908539,0.0329388803482288,0.0514157326200802,99.9803238463408,64.67953576893224
BMT,2024-12-30,86400,0.9896990369370564,8.44999999999709,2.099999999998545,3.060200000004884,24.01069456822417,0.0153001171953482,0.141262851007923,0.0329729112272616,0.0509127136337338,99.98495352955474,64.6857160789117
BMT,2024-12-31,86400,1.0305756156238126,12.790000000000871,2.1699999999982538,3.139999999999418,23.780367828331347,0.0160750585670143,0.1455689433933003,0.0346841081322054,0.0538197896871133,99.96180511348513,64.11022462303328
BMT,2025-01-01,86400,1.1092492763065092,7.529999999998836,2.360000000000582,3.4899999999981084,22.643780599312493,0.0173406713709145,0.1906248425148078,0.0372381002460315,0.0583137252299639,99.95717543027118,63.96806977745286
BMT,2025-01-02,86400,1.275363332769888,13.239999999997965,2.7000000000043656,3.9499999999970896,22.536140464588712,0.0200489688424279,0.2116396517958492,0.0429464894434204,0.0663814857030229,99.87036887001008,63.61241531820503
BMT,2025-01-03,86400,1.2620242984260168,8.139999999999418,2.680000000000291,3.8799999999973807,19.352075834211043,0.020362278188146,0.182038840081077,0.0434501751355127,0.0670224723164575,99.87731339483096,61.978541237037454
BMT,2025-01-04,86400,1.166627755248281,7.530000000006112,2.4800000000032014,3.5899999999965075,22.684290327434343,0.0182354849921752,0.2108688739899662,0.0390097092087671,0.0602781093341764,99.93981411821896,63.97569111459871
BMT,2025-01-05,86400,1.1682280191358811,8.450000000004366,2.479999999995925,3.659999999996217,22.950497112235094,0.0185400693570642,0.1766200604906771,0.0392298313796345,0.0616962186327146,99.92129538536324,63.01098429428185
BMT,2025-01-06,86400,1.2730681138755269,7.869999999995343,2.6900000000023283,3.959999999999127,21.80928020000232,0.0202402191307525,0.1970369711634703,0.0430392663794918,0.0673633777262876,99.89004502366926,62.89794125194794
BMT,2025-01-07,86400,1.2536334302526535,8.209999999999127,2.639999999999418,3.930000000000291,22.06507019757173,0.0200970027096128,0.1797958569586626,0.04293793040124,0.067099119118211,99.85647982036828,62.3791243054685
BMT,2025-01-08,86400,1.4160882388188287,13.12999999999738,2.930000000000291,4.67000000000553,21.76529820947001,0.0235651604462793,0.3319996235950384,0.0496867098590882,0.0827571369314683,99.49536452968204,60.09245054736381
BMT,2025-01-09,86400,1.2714315260520264,10.67000000000553,2.6999999999970896,3.990000000005239,22.506047523698196,0.0203249055248169,0.1739905893264222,0.0433895345573545,0.0680130557320081,99.87268371161704,62.55534740060843
BMT,2025-01-10,86400,1.257661386903013,7.599999999998545,2.6600000000034925,3.909999999996217,18.47590828597553,0.0202832597682414,0.1817190233923611,0.0430399159158696,0.066880406658893,99.88310049884836,62.0048947364069
BMT,2025-01-11,86400,1.1826973557390394,8.930000000000291,2.5100000000020373,3.6699999999982538,23.0257294644614,0.0188156272567023,0.1627668728833669,0.0400781896314583,0.0624403667445586,99.9236102269702,62.85718459132909
BMT,2025-01-12,86400,1.17460124978741,9.319999999999707,2.4800000000032014,3.6299999999975263,20.385652611720044,0.0185579563794279,0.1833992683023098,0.0394019141924218,0.0612559615803185,99.9444438014329,63.29367446009282
BMT,2025-01-13,86400,1.2499484550856232,7.94999999999709,2.639999999999418,3.900000000001455,21.63335223787312,0.0198258507822231,0.1759817025449592,0.0427840742762782,0.0656102390204615,99.88541534045532,63.04639678531947
BMT,2025-01-14,86400,1.0274764600369073,8.669999999998254,2.1899999999950523,3.2699999999967986,24.41463442863922,0.0160961678896851,0.1650449723747442,0.0347647890630469,0.0548093965859152,99.95254574705726,63.83360729180179
BMT,2025-01-15,86400,0.9908703269541564,7.440000000002328,2.099999999998545,3.110000000000582,24.46208868158196,0.0154294705321876,0.1758717458360479,0.0336965679278363,0.0520985354398729,99.97685158393035,64.2193343461051
BMT,2025-01-16,86400,1.0937711053330006,10.900000000001455,2.3000000000029104,3.4100000000034925,21.663445178763645,0.017387661626697,0.3045405586599372,0.0368619634653441,0.0585718834515137,99.92245280616676,62.90501441497549
BMT,2025-01-17,86400,1.2188290338823478,8.839999999996508,2.5800000000017462,3.780200000005902,22.6495677033299,0.0195480800026238,0.1738493796583498,0.0422699274844489,0.066000257016858,99.87384113242052,62.35031950229387
BMT,2025-01-18,86400,1.1654242265611288,10.159999999996217,2.470000000001164,3.609999999993306,21.65881549554972,0.018286291471504,0.1495492111134808,0.0391060380432463,0.0619712417322444,99.94560122223636,63.73212569172406
BMT,2025-01-19,86400,1.0093246689995827,7.690000000002328,2.1599999999962165,3.1899999999950523,23.469021632194817,0.0155998274937674,0.1752442997749312,0.0338305047007451,0.0532829939840306,99.97916642553731,64.70101476046031
BMT,2025-01-20,86400,1.1617509346438504,10.430000000000293,2.441000000001717,3.7000000000043656,21.05927151934629,0.0182485044277325,0.1873004748267703,0.0390667649131501,0.0625135299666726,99.92708248938064,63.662802569982425
BMT,2025-01-21,86400,1.314167952167815,13.960000000006405,2.779999999998836,4.149999999994179,22.258359471753145,0.0209964597644411,0.2244920523080509,0.0449301642642239,0.07030239505184,99.82638687947777,62.58997787478687
BMT,2025-01-22,86400,1.282522420044839,8.930000000000291,2.720000000001164,4.040000000000873,22.44701906272063,0.020502974501208,0.1655576516859582,0.0436515047680586,0.0685956589700075,99.85763724117176,62.55299297702956
BMT,2025-01-23,86400,1.3046762515848118,9.25,2.7600000000020373,4.099999999998545,22.426185488257964,0.021297456943094,0.2316701824747724,0.0462379407967091,0.0708969856885962,99.8240720378708,61.25972011633111
BMT,2025-01-24,86400,1.2613066099249088,8.489999999997963,2.680000000000291,3.9899999999979623,22.4366022754893,0.0205035063768182,0.1526314866641769,0.0438293678882473,0.0690572553314269,99.84722045394044,61.51662972580407
BMT,2025-01-25,86400,1.2318648026197674,7.239999999997963,2.610999999999971,3.839999999996508,22.293082095857592,0.0201031433420443,0.1562682992225745,0.0429881291529454,0.0665188515753834,99.89004502366926,61.277223248074186
BMT,2025-01-26,86400,1.0280594455316336,7.380000000004657,2.1899999999950523,3.290000000000873,23.94240674081876,0.0159361311833808,0.1838006544130621,0.0343224721123988,0.0544074713802547,99.95601800946773,64.51123134197347
BMT,2025-01-27,86400,0.9513854363777632,7.120000000002619,2.0200000000040745,3.0,24.7039896295096,0.0145928708991999,0.1403956359572475,0.031229569777497,0.0492766688234405,99.98263868794778,65.19522052132504
BMT,2025-01-28,86400,0.8750637153005716,6.790000000000873,1.8700000000026196,2.7399999999979627,25.07667912823065,0.013651608562392,0.1170559513921034,0.0292726496511022,0.0465899371811247,99.99189805437562,64.09967816152646
BMT,2025-01-29,86400,0.8838846506031127,6.089999999996508,1.8800000000046568,2.75,24.89149179967361,0.0135125470881813,0.1209698193342774,0.0288194976848898,0.0463060323959509,99.99189805437562,65.41214212017692
BMT,2025-01-30,86400,0.8879899665213019,6.219999999993888,1.8800000000046568,2.7700000000040745,25.24334772393199,0.0138614617818087,0.1093631822950556,0.0300449014546757,0.0468881993512332,99.9942128959826,64.06178370181749
BMT,2025-01-31,86400,0.8710041729349027,6.019999999996799,1.860000000000582,2.729999999995925,25.406544057222884,0.0134607358382308,0.1249586370249744,0.0288228197445277,0.0454958708473715,99.9872683711617,64.70702518330343
BMT,2025-02-01,86400,0.8676238028622719,6.080000000001746,1.8399999999965075,2.7300000000032014,25.0801513906411,0.0133603174270592,0.1171676415833644,0.0285495864751282,0.045262116813974,99.99537031678608,64.94035845586228
BMT,2025-02-02,86400,0.8886333216083863,6.5200000000040745,1.8799999999973809,2.730200000003137,21.2213104318337,0.0135098110221385,0.1175857662310591,0.0286880792620649,0.0454772023014084,99.99652773758956,65.77688763272907
BMT,2025-02-03,86400,0.8918403218692357,5.740000000005239,1.889999999999418,2.7600000000020373,17.906457250662626,0.0140476420424353,0.1404784108890453,0.0301126653852406,0.0468564523103123,99.99189805437562,63.486834239630085
BMT,2025-02-04,86400,0.9304975459909391,10.010000000002035,1.9500000000043656,2.860000000000582,17.708538293267285,0.0144748590805123,0.1559514106629649,0.0309989329834934,0.0477782376423421,99.98495352955474,64.28370326446877
BMT,2025-02-05,86400,1.2346914771849862,9.389999999999418,2.599999999998545,3.849999999998545,17.041863910461927,0.0196657156195968,0.1796567730852984,0.0424021647639165,0.0658020381555253,99.88425791965186,62.78395869265175
BMT,2025-02-06,86400,1.2574881269031002,9.169999999998254,2.650000000001455,3.9199999999982538,21.107883193092512,0.0199100698874468,0.1667289595352485,0.0427741037528903,0.0664010689652059,99.8865727612588,63.15839843599846
BMT,2025-02-07,86400,1.2299549787654256,7.5,2.6300000000046566,3.8000000000029104,22.99100684035695,0.0194417410283007,0.1648698083881754,0.0422055731964064,0.0642466618797335,99.9120360189354,63.26362319669608
BMT,2025-02-08,86400,1.2221442510679308,16.989999999997963,2.5899999999965075,3.819999999999709,21.72015879813424,0.0194461258715402,0.1830849346661125,0.0419720313519064,0.06390171592313,99.89583212768667,62.847698255091295
BMT,2025-02-09,86400,0.9601757639989348,6.92000000000553,2.040000000000873,3.029999999998836,24.38338406694522,0.0149743131576054,0.1642073985858587,0.0316685889396467,0.0507369343987375,99.97569416312687,64.12152289249674
BMT,2025-02-10,86400,1.1322804327510383,9.0199999999968,2.400000000001455,3.6299999999973807,23.14725864882696,0.0181633013533227,0.1840900276074535,0.0390360740646428,0.0624572980841912,99.91435086054236,62.338911339020655
BMT,2025-02-11,86400,1.2218582317887197,8.279999999998836,2.5899999999965075,3.79999999999578,21.99678237016632,0.0197170007682514,0.2087047725653974,0.0425448860798496,0.0658157960505923,99.88888760286578,61.969781615781976
BMT,2025-02-12,86400,1.2422371368920828,8.279999999998836,2.639999999999418,3.830000000001746,22.561603722265303,0.0197063041182118,0.1705024203765788,0.0424545131500053,0.0661230754584539,99.90277665250755,63.03755028732216
BMT,2025-02-13,86400,1.2586152635188437,8.87000000000262,2.6599999999962165,3.8800000000046566,20.926168126945917,0.0197007430178832,0.1780047552092583,0.0424107958642707,0.0658045102811593,99.90509149411452,63.88669007623003
BMT,2025-02-14,86400,1.0271339969336202,12.42000000000553,2.180000000000291,3.2002000000043016,23.537309459600227,0.0156011447588044,0.2272080974944401,0.0333892741320596,0.0521218822592346,99.9629625342886,65.83709162035183
BMT,2025-02-15,86400,0.9480827009566588,6.709999999999127,2.0099999999947613,2.930000000000291,23.89379506707253,0.014694161747013,0.1628663785231765,0.0313256591638491,0.0482565935679304,99.9814812671443,64.52104701276072
BMT,2025-02-16,86400,0.9560980256492126,8.560000000004948,2.0200000000040745,2.9800000000032014,24.53732103380826,0.0147593491123916,0.3370718579171807,0.0312598422213341,0.0498951841282541,99.97106447991295,64.77914563195134
BMT,2025-02-17,86400,1.0421418702812346,7.689999999995052,2.2000000000043656,3.2399999999979627,22.639150916098565,0.0160058300281705,0.168603657373751,0.0346766434588061,0.0541500257124426,99.968749638306,65.11014226578278
BMT,2025-02-18,86400,1.0467577599495053,9.619999999995343,2.209999999999127,3.220000000001164,23.634532807092675,0.016125842346924,0.1716533260696451,0.0347988194676872,0.0545060686818033,99.97685158393035,64.91181901479146
BMT,2025-02-19,86400,1.0441453446538578,9.900000000001455,2.209999999999127,3.25,24.01763909304506,0.0161265419673279,0.1854134833265561,0.0347353621204092,0.054278262102307,99.95717543027118,64.7470081747548
BMT,2025-02-20,86400,1.49994111445886,13.200000000004366,3.139999999999418,5.419999999998254,22.302341462285444,0.0246842491591691,0.2650654978715465,0.0533416928221412,0.0890553919869126,99.37730760772692,60.76510995842599
BMT,2025-02-21,86400,1.3184310671088142,12.430000000000293,2.7599999999947613,4.219999999993888,20.684267179018278,0.0209119069850009,0.2533223930659005,0.0445706017337214,0.0709808904530655,99.81712751304993,63.04690758195376
BMT,2025-02-22,86400,1.1807723358564426,8.099999999998545,2.5,3.6300000000046566,22.25604463014618,0.0181244046932389,0.1602693797976826,0.0390402922457724,0.0606604886171409,99.937499276612,65.14819966648426
BMT,2025-02-23,86400,0.9975561736943304,8.5,2.1199999999953434,3.099999999998545,22.333591823979443,0.0155549213224241,0.1608690274661057,0.0334915638879464,0.0517953331505123,99.97685158393035,64.13122592861396
BMT,2025-02-24,86400,1.0014946525513089,9.680000000000293,2.1199999999953434,3.1300000000046566,23.50258683549578,0.0155959801770758,0.131819211434049,0.033169393891876,0.0522644545967343,99.96411995509207,64.21492212199419
BMT,2025-02-25,86400,1.468126448526266,17.220000000001164,3.110000000000582,5.000199999999936,22.1923864859547,0.0237462293492141,0.2721136748223216,0.050645197812264,0.0838515070496943,99.53240199539346,61.82566616678552
BMT,2025-02-26,86400,1.4259912092209115,11.67000000000553,3.029999999998836,4.870000000002619,21.915762913922617,0.0224922517239642,0.289893221881357,0.0476166772547003,0.0791840606475307,99.61342145163718,63.39921972499533
BMT,2025-02-27,86400,1.2457796770713565,11.50999999999476,2.6000000000058208,4.169999999998254,23.1194805495434,0.0194972815941246,0.3166620245829108,0.0416600489748816,0.0682567560467578,99.8182849338534,63.895044598569406
BMT,2025-02-28,86400,1.2050432359480885,19.4800000000032,2.529999999998836,4.000199999999936,22.39146286415352,0.0188946552570736,0.4196037951041944,0.0397529176254465,0.0654792979628837,99.82638687947777,63.77693688976804
BMT,2025-03-01,86400,1.1523992307971798,9.360000000000582,2.4400000000023283,3.830000000001746,23.22943552587414,0.0173907682607514,0.2173446627857629,0.0375121265809866,0.058592523913976,99.94675864303984,66.26499838605275
BMT,2025-03-02,86400,1.228632370991784,9.930000000000293,2.6299999999973807,4.040000000000873,21.74677947661431,0.0198722518961423,0.3315567922618356,0.0426564116314693,0.0684088324249024,99.85416497876132,61.826529642997485
BMT,2025-03-03,86400,1.090220568502952,10.540000000000871,2.290000000000873,3.4402000000022643,23.49679973147837,0.016841451289734,0.2494373929439461,0.0353610905112873,0.0581140943481295,99.92129538536324,64.73435986498264
BMT,2025-03-04,86400,1.4942510314280852,16.06999999999971,3.180000000000291,4.779999999998836,21.83821572008935,0.0241711224421818,0.252654857293237,0.0512075976817867,0.0819196456026111,99.62731050127896,61.819679038098734
BMT,2025-03-05,86400,1.5560357220267336,10.939999999995052,3.319999999999709,4.919999999998254,19.267584115556893,0.0253559879809377,0.263724674579862,0.0545405666169244,0.0848540316522122,99.56018009467702,61.36758398588816
BMT,2025-03-06,86400,1.543785979697264,10.42000000000553,3.3000000000029104,4.919999999998254,21.97131911248973,0.0259782336702999,0.2325874992238823,0.0557337146718054,0.0877427997901396,99.45253995995324,59.42613340193333
BMT,2025-03-07,86400,1.4483260392980857,9.4800000000032,3.099999999998545,4.650000000001455,21.948170696420096,0.0238428497031034,0.2296728831643122,0.0507918123024865,0.080407543337642,99.62615308047546,60.74467009070754
BMT,2025-03-08,86400,1.5201499222333013,15.690000000002328,3.219999999993888,5.110000000000582,21.970161691686247,0.0250266129263429,0.3648995787734748,0.0536995772963563,0.0899257642097654,99.34952950844338,60.74133669812152
BMT,2025-03-09,86400,1.1547644544917803,10.150000000001455,2.459999999999127,3.7399999999979623,22.745633630018865,0.0185608339856735,0.212300913335639,0.0392583673434273,0.0648829687843681,99.88888760286578,62.21511680568285
BMT,2025-03-10,86400,1.372656263202715,11.069999999999707,2.930000000000291,4.439999999995052,22.438917117096263,0.0225007321564207,0.2326340700456057,0.0484720199492585,0.07807706655527,99.67707959582866,61.004959909716206
BMT,2025-03-11,86400,1.457720854872937,9.069999999999707,3.0900000000037835,4.629999999997381,21.796548571164017,0.0238853091758755,0.2268035693850834,0.0509545475135382,0.0801654897515255,99.6620331253834,61.03001824586905
BMT,2025-03-12,86400,1.3256235174378914,16.560000000004948,2.810000000004948,4.269999999996799,22.670401277792568,0.0208709334757485,0.3544125804764917,0.0445494878593308,0.0713978950525052,99.7743029433211,63.51529599357457
BMT,2025-03-13,86400,1.719545978479829,12.589999999996508,3.68099999999968,5.5,21.37061771548282,0.0286303062212068,0.2562247857131297,0.0617351759661687,0.0964840446111338,99.13887892220976,60.06034183267239
BMT,2025-03-14,86400,1.5890001815602768,11.589999999996508,3.4199999999982538,5.209999999999127,20.293058947441523,0.0257087212130847,0.2678581826912705,0.0549822667562693,0.0870691458418151,99.47916063843331,61.80782654758137
BMT,2025-03-15,86400,1.435812417375783,10.430000000000293,3.069999999999709,4.819999999999709,21.44932233011956,0.023706322049568,0.2025964435306377,0.050701999929879,0.0799487338104519,99.64582923413464,60.56664607496025
BMT,2025-03-16,86400,1.4069436633942516,13.689999999995052,3.0100000000020373,4.650000000001455,22.002569474183726,0.0225704182462564,0.320153694570763,0.0479416324102202,0.0758674304143642,99.72916353198532,62.3357373346536
BMT,2025-03-17,86400,1.1768872508657318,9.479999999995924,2.470000000001164,3.739999999998109,20.525700528941307,0.0177235606002802,0.225860139769793,0.037836875746143,0.0599509772502644,99.9259250685772,66.40241638470327
BMT,2025-03-18,86400,1.098249529596398,8.590000000003783,2.319999999999709,3.3799999999973807,22.082431509623955,0.016275888330778,0.1249607886929879,0.0349863663439464,0.0540584141376894,99.97685158393035,67.47708679299001
BMT,2025-03-19,86400,1.1499909442274687,12.369999999995343,2.4100000000034925,3.470000000001164,21.94469843400965,0.0177719828941996,0.166053120388824,0.0382874660550442,0.058264886119141,99.9502309054503,64.70808299832932
BMT,2025-03-20,86400,1.108160841473799,9.700000000004366,2.3400000000037835,3.3800000000046566,22.896098334471464,0.0170187371768048,0.1729230767887202,0.0362246720753319,0.0556857519106415,99.968749638306,65.11416387104313
BMT,2025-03-21,86400,1.834682610794074,14.069999999999707,3.9799999999959255,6.269999999996799,17.367099156240233,0.0304222241354129,0.3070002509266487,0.0651003089027653,0.1054689000440703,98.74419842822256,60.30731357994661
BMT,2025-03-22,86400,1.7301652269526429,12.62000000000262,3.75,5.809999999997672,20.522228266530863,0.0279553414404338,0.3001977032472496,0.0597505880636163,0.0949344234066667,99.21411127443604,61.89032713398697
BMT,2025-03-23,86400,1.698557443998709,14.639999999999418,3.639999999999418,5.830200000001682,20.225928540839597,0.0280093142242583,0.2456873729533981,0.0602007431043602,0.0968991595170521,99.1238324517645,60.64259304381604
BMT,2025-03-24,86400,1.2923957318745622,13.4800000000032,2.6599999999962165,4.2799999999989815,21.36946029467934,0.0197202185555377,0.2576723402598873,0.0412622922478476,0.0698022051849696,99.78124746814198,65.53658257738225
BMT,2025-03-25,86400,1.0826004981266184,13.2300000000032,2.2600000000020373,3.309999999997672,20.19930786235952,0.0167820421067128,0.1753731138960574,0.0353856451132742,0.0558544863323916,99.95833285107466,64.50946143372288
BMT,2025-03-26,86400,1.1401685308129967,16.31999999999971,2.389999999999418,3.4502000000043016,22.01877336543247,0.017376710125313,0.2828144150407752,0.0367121778661385,0.0563090180381551,99.93286959339808,65.61475230495275
BMT,2025-03-27,86400,1.110204214110726,10.610000000000582,2.310000000004948,3.37000000000262,21.24330142709985,0.0169243230924868,0.1847174313516006,0.0355761660714051,0.0550287585498882,99.96759221750251,65.59814581523655
BMT,2025-03-28,86400,1.1112987296048362,10.150000000001455,2.319999999999709,3.310000000004948,18.473593444368568,0.0166815448341791,0.2489268475110293,0.0352901696198387,0.0545683805237058,99.96643479669903,66.61845414108502
BMT,2025-03-29,86400,1.6483114523523512,13.470000000001164,3.559999999997672,5.7202000000011,19.96435143925277,0.0274252472135716,0.292151951980486,0.0585455448410357,0.0957628520760045,99.15855507586892,60.1019724437184
BMT,2025-03-30,86400,1.6766657450994906,15.25,3.619999999995344,5.650000000001455,21.61136124260697,0.0284176103404698,0.3120650957571342,0.0604121120035415,0.0974145367657184,99.10647113971226,59.00094078821017
BMT,2025-03-31,86400,1.2350107410385496,12.5199999999968,2.529999999998836,4.089999999996508,22.29771177907152,0.0192457236472877,0.2773456724462448,0.0398408624983858,0.0667914771483629,99.76388615608975,64.17065752414167
BMT,2025-04-01,86400,1.1245215290529216,12.809999999997672,2.319999999999709,3.4500000000043656,21.7849743631292,0.0175222078847257,0.2414176415404654,0.0362680563703178,0.0582531952620775,99.89814696929362,64.17693114855699
BMT,2025-04-02,86400,1.8079394738594603,14.659999999996217,3.8700000000026193,6.169999999998254,20.706258174284425,0.0294103953750026,0.2901154200662859,0.0625532413934706,0.101586501768179,98.92591349436914,61.47280411383539
BMT,2025-04-03,86400,1.862658950696129,15.75,4.019999999996799,6.290000000000873,19.96898112246669,0.0305876571554276,0.2653581364284036,0.0657690287087461,0.1055012967361836,98.76271716107826,60.89577051195337
BMT,2025-04-04,86400,1.7163882676814843,12.279999999998836,3.709999999999127,5.9099999999962165,20.85440803713006,0.0288000122344398,0.273185051868495,0.0619405396668298,0.0993920578423421,99.01850715864768,59.596789530852384
BMT,2025-04-05,86400,1.7732546067647958,14.0199999999968,3.809999999997672,5.970000000001164,20.32199446752856,0.0291848870009966,0.27493937977124,0.0624182882034801,0.1008949971495898,98.96758064329448,60.75934461022515
BMT,2025-04-06,86400,1.862703195510036,15.25999999999476,4.0,6.260200000001973,17.692334402018542,0.0308787442179397,0.3668221271218499,0.0655353024652866,0.1049323400598952,98.80669915161056,60.32315246704669
BMT,2025-04-07,86400,1.3089753726845077,11.720000000001164,2.680000000000291,4.489999999998108,21.839373140892835,0.0201375151896159,0.2595411177098867,0.0422333507427538,0.071781627057353,99.72569126957488,65.00183167059687
BMT,2025-04-08,86400,1.1129149194226968,15.560000000004948,2.319999999999709,3.349999999998545,21.428488755656893,0.016831027721695,0.2536709530759253,0.0354686781000054,0.0554874827222376,99.94907348464682,66.12281423088854
BMT,2025-04-09,86400,1.359603838410086,14.5,2.889999999999418,4.4099999999962165,20.332411254759894,0.0213155008440477,0.2224724940897431,0.045709961036482,0.0724812525683956,99.76388615608975,63.78474746118696
BMT,2025-04-10,86400,1.4904048138359844,11.059999999997672,3.1900000000023283,4.799999999995634,21.39608097315941,0.0238629406527613,0.2769033347576624,0.0508909519863664,0.0798066876086526,99.66550538779384,62.45687970568972
BMT,2025-04-11,86400,1.4099016978470331,10.75,3.0100000000020373,4.549999999995634,20.74329563999584,0.0225434326431672,0.2151081502015586,0.0486468238887027,0.0742290726979263,99.75115452725149,62.54157120174954
BMT,2025-04-12,86400,1.2730237379196496,8.260000000002037,2.7300000000032014,4.129999999997381,18.806930635771245,0.0203010003529476,0.1704629997111624,0.0431992754856764,0.0675829254597193,99.85995208277872,62.70743883180615
BMT,2025-04-13,86400,1.2542393972306924,15.12000000000262,2.6599999999962165,4.069999999999709,21.242144006296368,0.020353721304202,0.2371283789325389,0.0431815449606801,0.0686621136998293,99.84259077072652,61.62211707743743
BMT,2025-04-14,86400,1.0790051564972285,7.740000000005239,2.2699999999967986,3.290000000000873,22.076644405606547,0.0165757219148486,0.1831012916081817,0.0351979682534874,0.0546151387313148,99.97569416312687,65.09551511391807
BMT,2025-04-15,86400,1.0877408006225495,18.0,2.290000000000873,3.2699999999967986,21.634509658676603,0.0164413247906137,0.1902987225694232,0.0350834043238137,0.054413925231347,99.96759221750251,66.15895096101853
BMT,2025-04-16,86400,1.10575463547069,11.0,2.310000000004948,3.3400000000037835,20.3196796259216,0.0166754084375265,0.155212687976018,0.0352316458345739,0.0547339664495666,99.95717543027118,66.31049785359231
BMT,2025-04-17,86400,1.1042062052767228,14.560000000004948,2.319999999999709,3.400000000001455,23.51300362272712,0.0168110944755088,0.2731751958708628,0.035444361235568,0.0552233554433042,99.95370316786074,65.68318361542109
BMT,2025-04-18,86400,1.1801082025368093,7.709999999999127,2.5,3.740200000005175,19.230546649845483,0.0186130413482538,0.1699746135200257,0.0395765582725289,0.0622448613352026,99.93981411821896,63.40222322581997
BMT,2025-04-19,86400,1.1534156799958204,11.49000000000524,2.430000000000291,3.5500000000029104,20.776860843296795,0.0176473900616368,0.152949650575465,0.0377841763540345,0.0585298110131407,99.95833285107466,65.35899506396932
BMT,2025-04-20,86400,1.1326248114440896,7.669999999998254,2.389999999999418,3.5500000000029104,23.199342584983626,0.0177361803122468,0.171910187586036,0.0384087421458387,0.0586066408717306,99.94907348464682,63.859567925014254
BMT,2025-04-21,86400,1.1830112734937246,8.160000000003492,2.5,3.680000000000291,20.81389830900821,0.0180732840701704,0.2071363488721544,0.0388653365713253,0.0609524130147475,99.94791606384334,65.456353634191
BMT,2025-04-22,86400,1.3473753445462966,10.080000000001746,2.860000000000582,4.389999999999418,22.00141205338025,0.0217309483080252,0.2156253393332008,0.0466908162205072,0.0741379739176773,99.749997106448,62.00260225121933
BMT,2025-04-23,86400,1.4824547072447791,9.62999999999738,3.1600000000034925,4.779999999998836,17.793030011921434,0.0239571639996144,0.2226597221015254,0.0510730784430052,0.0810203476867173,99.67129249181124,61.87939053248352
BMT,2025-04-24,86400,1.4702648962542244,9.9800000000032,3.1499999999941792,4.709999999999127,21.85557703214157,0.0231212938686748,0.2381653780612396,0.0497398936218814,0.0775877174946072,99.73147837359228,63.58921367210226
BMT,2025-04-25,86400,1.472951229042781,10.30000000000291,3.180000000000291,4.790200000000809,19.929628815148323,0.0237874778392785,0.2186715405332506,0.0508274972184153,0.080072856446059,99.66550538779384,61.92128644040952
BMT,2025-04-26,86400,1.377951294127797,10.0,2.9500000000043656,4.450000000004366,22.51299204851908,0.0221464232829788,0.1913177318565431,0.047158839788608,0.0740225018339697,99.75231194805497,62.22003781191303
BMT,2025-04-27,86400,1.4334707352667966,9.799999999995634,3.069999999999709,4.610200000000518,21.972476533293207,0.0233159883467279,0.233122429533978,0.0505924385746766,0.0784881167717686,99.70717253671918,61.48016176232489
BMT,2025-04-28,86400,1.3756236251624632,10.440000000002328,2.900000000001455,4.519999999996799,16.316161066679015,0.0219205414718003,0.1859393270060536,0.0468881799475639,0.0749450081889518,99.7442100024306,62.755002054551255
BMT,2025-04-29,86400,1.2345925413358063,8.809999999997672,2.610000000000582,3.849999999998545,22.24678526371833,0.0192121501096189,0.1834262674092315,0.0413967980268352,0.0627833176180139,99.90277665250755,64.26102930839697
BMT,2025-04-30,86400,1.2309248291033896,13.42000000000553,2.5900000000037835,3.819999999999709,19.890276507829952,0.0188648602398935,0.1677259203861467,0.0401451305187947,0.0624567534498055,99.90740633572148,65.24961295155013
BMT,2025-05-01,86400,1.1609916628217467,8.80000000000291,2.4500000000043656,3.639999999999418,21.967846850079283,0.0176902519318672,0.2018805863626767,0.0380458024672407,0.0587592036501155,99.95601800946773,65.62889365440323
BMT,2025-05-02,86400,1.1611722719847388,8.040000000000873,2.4499999999970896,3.619999999995489,22.83244019027998,0.0178893621543633,0.1395176845253445,0.0384924579659127,0.058648088221671,99.94097153902244,64.90853401593273
BMT,2025-05-03,86400,1.6311502172011831,12.75,3.5,5.610000000000582,21.588212826537344,0.0271814229556311,0.2541069537619478,0.0584483507504046,0.0939952317613646,99.20600932881167,60.00974341202586
BMT,2025-05-04,86400,1.7893298823022192,13.479999999995924,3.860000000000582,6.120200000002555,20.84746351230917,0.0301213147090673,0.2578902154273237,0.0645824974759306,0.1048015603105888,98.81248625562796,59.404109665378506
BMT,2025-05-05,86400,1.77120704216201,14.330000000001746,3.840000000003784,6.139999999999418,15.997870345721592,0.0299720460240559,0.3862924307977664,0.0640807207790203,0.1039048500411446,98.8159585180384,59.09529968962827
BMT,2025-05-06,86400,1.1185707400751388,11.270000000004076,2.37000000000262,3.680000000000291,23.492170048264445,0.0174499519909596,0.2233099364748341,0.037454279839585,0.0587253813094867,99.91435086054236,64.10165143093452
BMT,2025-05-07,86400,1.1619536928577452,9.0,2.479999999995925,3.709999999999127,23.50027199388882,0.0184162181766083,0.186643693356018,0.0391474688636662,0.0625047348420776,99.91319343973888,63.094044697544135
BMT,2025-05-08,86400,1.0306123941463412,11.220000000001164,2.150000000001455,3.1999999999970896,21.177328441301405,0.0154658897459496,0.2107064632000401,0.0325877091105212,0.0512667601821885,99.96064769268162,66.6377693756423
BMT,2025-05-09,86400,1.0199862256475145,15.099999999998545,2.139999999999418,3.110000000000582,20.318522205118114,0.0157815494854757,0.2734124161215732,0.0330383972861454,0.0519421824402526,99.93865669741548,64.63156399956857
BMT,2025-05-10,86400,1.0034320867555164,9.0,2.110000000000582,3.029999999998836,23.41925253764511,0.0151490008258685,0.1483122753124917,0.0322005059693765,0.0495228880406648,99.98379610875124,66.23750953764632
BMT,2025-05-11,86400,1.0776379863662722,13.739999999997965,2.2999999999956344,3.5900000000037835,24.144955381428023,0.0170405262431687,0.2220373087911866,0.0359246214182348,0.0588090313129942,99.90277665250755,63.239712842497205
BMT,2025-05-12,86400,1.2096205580933883,19.91000000000349,2.5299999999995637,3.839999999996653,20.58935867313279,0.0188922143435447,0.450526604319748,0.039584627404838,0.0624534662681981,99.88194307804488,64.02746316726359
BMT,2025-05-13,86400,1.6498498810056084,14.44999999999709,3.459999999999127,5.969999999994034,21.157652287642215,0.0278984402958547,0.4128303218094515,0.0591246533120283,0.1029989223193847,98.87961666222988,59.13771033255978
BMT,2025-05-14,86400,1.978707855838814,16.25,4.290000000000873,6.77020000000401,18.25368349170708,0.0327870822508695,0.3450045015124487,0.0700425657720188,0.113378726880328,98.35067535503885,60.35022697776001
BMT,2025-05-15,86400,1.9941990053063776,14.69999999999709,4.309999999997672,6.759999999994907,18.29187837822197,0.0338358219806549,0.3179610556035186,0.0724546408338937,0.1161732188031603,98.22451648745934,58.93750730771631
BMT,2025-05-16,86400,1.9858215689574612,15.0,4.30000000000291,6.809999999997672,19.427308186437344,0.0336753695534124,0.3132587702348246,0.0719119053028406,0.1166367144764809,98.16664544728528,58.96955535257848
BMT,2025-05-17,86400,1.811754254418991,12.530000000006112,3.909999999996217,6.110200000000663,17.868262364147732,0.0300521991160641,0.3046894001454348,0.06413364964028,0.1035481299324602,98.84952372133937,60.28691102975718
BMT,2025-05-18,86400,1.4140370044842712,11.389999999999418,3.0,4.940000000002328,22.85558860634961,0.0225604598072188,0.2378822870741714,0.0473874841751238,0.0801334789056278,99.5995324019954,62.67766776495975
BMT,2025-05-19,86400,1.164767339559456,11.959999999999129,2.459999999999127,3.600200000005611,19.658792347133648,0.0177904244521237,0.2698030431638472,0.0380877317111298,0.0586366209876723,99.94097153902244,65.47158796736504
BMT,2025-05-20,86400,1.2025715977984792,16.7300000000032,2.540000000000873,3.8000000000029104,22.86832023518791,0.0184267712663714,0.3394611475450801,0.0390628402041329,0.0608841615343408,99.9120360189354,65.26219815448013
BMT,2025-05-21,86400,1.0765307670656854,20.869999999995343,2.219999999993888,3.3300000000017462,20.40532876537923,0.0171844980960824,0.4273910648480523,0.0351636875835538,0.0559266920227674,99.89930439009711,62.64545877243031
BMT,2025-05-22,86400,1.0788902568571133,25.19999999999709,2.2599999999947613,3.290000000000873,20.1252329309367,0.0167968826386059,0.4656768952627317,0.0350615966555778,0.0543079846129695,99.93286959339808,64.23157677563096
BMT,2025-05-23,86400,1.350696752561615,22.62999999999738,2.819999999999709,4.400000000001455,19.993286959339805,0.0218754357266802,0.5485617399826879,0.0457494398338894,0.0747975238009531,99.68518154145303,61.74490736440522
BMT,2025-05-24,86400,1.5252552936914356,10.410000000003492,3.2600000000020373,4.940000000002328,19.58471741571083,0.0248716039659348,0.2267842265719082,0.0530020633312233,0.0829946440452477,99.54629104503525,61.32516807999836
BMT,2025-05-25,86400,1.4272170142744949,10.49000000000524,3.0500000000029104,4.620000000002619,22.01298626141506,0.0228995058861752,0.2161589221723261,0.0493691059986303,0.0760777339195192,99.73610805680622,62.32523187645735
BMT,2025-05-26,86400,1.2999014399994266,13.729999999995924,2.7600000000020373,4.330000000001746,19.832405467655875,0.0204091821587637,0.2109996546496404,0.0438353788755193,0.0698870721073763,99.82522945867429,63.69199068457311
BMT,2025-05-27,86400,1.2215306639858676,11.969999999993888,2.599999999998545,4.029999999998836,23.001423627588284,0.0191689099238102,0.2409126010243198,0.0413848765565489,0.0659212164931523,99.86458176599268,63.7245763466626
BMT,2025-05-28,86400,1.268386337543688,14.12000000000262,2.6899999999950523,4.120000000002619,20.050000578710403,0.019522169467185,0.2500286140930257,0.0416257685545133,0.0664048684474255,99.84143334992304,64.97158728238472
BMT,2025-05-29,86400,1.2719740358584304,10.87999999999738,2.6900000000023283,4.139999999999418,22.713225847521382,0.0196904660806597,0.2087599158257944,0.0422646749480918,0.0666233807124081,99.84027592911954,64.59847271178519
BMT,2025-05-30,86400,1.254007654666779,10.970000000001164,2.650000000001455,4.160200000003428,23.09054502945636,0.0199625482777131,0.2003359588998137,0.0428332024144765,0.0692633180040867,99.8182849338534,62.81801487257909
BMT,2025-05-31,86400,1.453069436663435,11.00999999999476,3.139999999999418,4.779999999998836,22.29192467505411,0.0238153004649148,0.3135706949251471,0.0508178338495781,0.0792532883264357,99.68170927904258,61.01411312207072
BMT,2025-06-01,86400,1.2255796034269115,11.0,2.610000000000582,4.069999999999709,22.63336381208116,0.0190207159480042,0.2003783222389756,0.0406515353824943,0.0653906970942627,99.85879466197524,64.43393648865646
BMT,2025-06-02,86400,1.1447026006658234,10.860000000000582,2.4200000000055297,3.720000000001164,22.038449519091657,0.017653860240382,0.253907238417014,0.0376867813960416,0.0604244702745928,99.90161923170407,64.84148990726398
BMT,2025-06-03,86400,1.1949830904345469,11.739999999997965,2.529999999998836,3.940200000002264,23.11369344552599,0.018059205616897,0.2070955322997179,0.0387538354574643,0.0610483504629519,99.89698954849014,66.1703020453068
BMT,2025-06-04,86400,1.230501073561261,12.639999999999418,2.610000000000582,3.959999999999127,20.941214597391173,0.0186484134762207,0.3434100039885379,0.0391998654427879,0.06252101403079,99.89120244447274,65.98422300451098
BMT,2025-06-05,86400,1.230531399531264,10.7300000000032,2.599999999998545,4.029999999998836,22.87410733920532,0.0188951252290986,0.2093899855026393,0.0402328225107338,0.0649347408302128,99.86573918679616,65.12427859282509
BMT,2025-06-06,86400,1.2021573603110007,11.62999999999738,2.559999999997672,3.910000000003493,20.742138219192352,0.0187393027724029,0.2546667322094436,0.039610055607045,0.063836096595187,99.88541534045532,64.15165894097436
BMT,2025-06-07,86400,1.0691444711853837,10.819999999999707,2.2599999999947613,3.4899999999979627,23.469021632194817,0.016807341538601,0.2629236710708937,0.0353095296093669,0.0569551826304817,99.93402701420156,63.611753748580064
BMT,2025-06-08,86400,1.1443713877918609,10.2699999999968,2.4199999999982538,3.720000000001164,23.736385837799048,0.0173541699741506,0.1806907398276962,0.0372106729322695,0.0585293225078203,99.93981411821896,65.94215623279469
BMT,2025-06-09,86400,1.084463496669281,10.610000000000582,2.2699999999967986,3.400200000001391,22.89262607206102,0.0161737965301474,0.1606141047086566,0.0346122360031585,0.0545266518727294,99.968749638306,67.05064544251103
BMT,2025-06-10,86400,1.2741331502709317,12.089999999996508,2.709999999999127,4.099999999998545,22.00372689498721,0.0193520628614987,0.2210353531263535,0.041026250062714,0.0660678590324823,99.85185013715436,65.83965540645289
BMT,2025-06-11,86400,1.4366819826030015,11.319999999999707,3.0500000000029104,4.760000000002037,22.39146286415352,0.0228951261209463,0.2529931235476397,0.0494335620867786,0.0784715129350661,99.6620331253834,62.750559876840256
BMT,2025-06-12,86400,1.5702170591236309,12.229999999995924,3.360000000000582,5.169999999998399,21.617148346624383,0.0250110199651526,0.2497649077777168,0.0540431903522403,0.0839926864638982,99.56596719869442,62.78100858136141
BMT,2025-06-13,86400,1.5075631683450956,10.139999999999418,3.209999999999127,4.970000000001164,18.83239389344784,0.0236547129330876,0.2344103016075678,0.0506461758428485,0.0797582873515786,99.65971828377644,63.732042428324
BMT,2025-06-14,86400,1.439289093535821,9.639999999999418,3.0800000000017462,4.740000000005239,20.70394333267746,0.0234196376040316,0.2608808234726893,0.0504610952804796,0.0777917061011249,99.70717253671918,61.45650576704886
BMT,2025-06-15,86400,1.4297641889828254,11.340000000003783,3.030000000006112,4.709999999999127,21.78381694232572,0.0231527210362324,0.231262718050857,0.0493776372801218,0.078675633039093,99.67360733341822,61.75361361127211
BMT,2025-06-16,86400,1.2226131060977703,11.69999999999709,2.559999999997672,3.9199999999982538,20.3821803493096,0.0190373598871479,0.2996171869017416,0.040286390028632,0.0647052140705639,99.88541534045532,64.22177829704889
BMT,2025-06-17,86400,5611.476523179475,952301.41,2.289999999993597,3.389999999999418,28.633433257329365,128.34896855396173,20297.561346854254,33.26881501021562,358.055676924218,93.71520503709534,43.72046449925463
BMT,2025-06-18,86400,1.1975576223269544,13.430000000000293,2.5,3.680000000000291,18.47475086517205,0.0186802012708011,0.5759019371616887,0.0389162577528622,0.0602062989628757,99.9120360189354,64.10838967429859
BMT,2025-06-19,86400,1.199290323680405,7.990000000005239,2.529999999998836,3.709999999999127,22.629891549670717,0.0182372180510891,0.1749350789250456,0.0390522666544711,0.059604820095119,99.94791606384334,65.7605957364216
BMT,2025-06-20,86400,1.1840119781755014,18.360000000000586,2.4800000000032014,3.610000000000582,20.92964038935636,0.0179094812658199,0.2123817789324675,0.0383838747336994,0.0585577603933052,99.94675864303984,66.11090296451329
BMT,2025-06-21,86400,1.123569708359488,11.339999999996508,2.360000000000582,3.400000000001455,21.37987708191067,0.0168018403164161,0.1647549890840309,0.0356118333744234,0.0546841482543095,99.95949027187817,66.87182398673544
BMT,2025-06-22,86400,1.0678362424857435,11.439999999995052,2.2600000000020373,3.290200000000809,23.02688688526488,0.0164196597942359,0.1870160966500407,0.0351081717897613,0.0546175770209811,99.97569416312687,65.03400532059548
BMT,2025-06-23,86400,1.5005762728121068,20.99000000000524,3.059999999997672,5.519999999996799,22.273405942198405,0.0258741397134668,0.3304165034060133,0.0535859201263519,0.0990473034366737,99.01387747543374,57.99521411616641
BMT,2025-06-24,86400,1.9121329543961847,17.909999999996217,4.110000000000582,6.7299999999959255,21.06853088577414,0.0316425566390168,0.3156517023526248,0.0674744206306057,0.1102843551928529,98.53817752520284,60.42915482935416
BMT,2025-06-25,86400,1.3617554745095457,16.540000000000873,2.790000000000873,4.449999999997235,20.72361948633665,0.0209235166099785,0.2779805119789671,0.0436393921576382,0.0734086289198603,99.6932834870774,65.08253367863757
BMT,2025-06-26,86400,1.1873792816640163,13.959999999999129,2.4900000000052387,3.6200000000026193,21.29654278406,0.0180999923330893,0.2771244220275548,0.0386807116912677,0.0600738499476574,99.92245280616676,65.6010930693998
BMT,2025-06-27,86400,1.8220644379944344,16.220000000001164,3.9199999999982538,6.149999999994179,18.26641512054537,0.0299799383179971,0.2585579621809302,0.064128782811167,0.1016125645035937,98.91433928633433,60.77612363998296
BMT,2025-06-28,86400,1.7023543701574462,15.560000000004948,3.6699999999982538,5.769999999996944,19.69814465445202,0.0279754306244311,0.2808370913844555,0.0598795164514739,0.0962100775718864,99.15624023426196,60.85176642857155
BMT,2025-06-29,86400,1.700340938220984,12.790000000000871,3.6299999999973807,5.849999999998545,21.69006585724372,0.0282695150298407,0.2895593277426087,0.0603942568253841,0.09765338889134,99.07059109480434,60.1475100073698
BMT,2025-06-30,86400,1.2687760682765137,17.779999999998836,2.5800000000017462,4.519999999996944,21.87409576499728,0.0205255809016245,0.3176117942784913,0.0423855760913283,0.0754189156848589,99.59721756038844,61.8143805184233
BMT,2025-07-01,86400,0.9055733518658656,9.25,1.9099999999962165,2.75,23.102119237491177,0.0132963320898185,0.1118481519442866,0.0283080019828048,0.0435575778037311,99.99652773758956,68.1070046747094
BMT,2025-07-02,86400,1.0122335967817906,12.330000000001746,2.12000000000262,3.12000000000262,22.648410282526417,0.0150800514321974,0.2338286800295463,0.0318265866939326,0.0501667763660953,99.97569416312687,67.1240148792494
BMT,2025-07-03,86400,0.9628224632192492,14.659999999996217,2.0,2.979999999995925,23.77573814511742,0.0144273456190552,0.1621180391230154,0.0310521010993397,0.0472090690664481,99.98495352955474,66.73593941499819
BMT,2025-07-04,86400,1.0737463427619414,60.55000000000291,2.1699999999982538,3.1899999999950523,17.78955774951099,0.0222248593371791,3.269526217642124,0.033591775206878,0.0519316329466528,99.94675864303984,48.312852127590126
BMT,2025-07-05,86400,0.9194570434740812,7.460000000006403,1.930000000000291,2.810200000004884,22.9377654833968,0.0135617231328012,0.1524089489757898,0.0286738642585987,0.0448999206416192,99.99537031678608,67.79795121922415
BMT,2025-07-06,86400,1.184393627784717,14.979999999995924,2.459999999999127,4.0,23.330131135777037,0.0189393161420775,0.2164542138343677,0.03983010506563,0.0674640579331027,99.79629393858724,62.53624042373985
BMT,2025-07-07,86400,1.3313637384702173,15.4800000000032,2.819999999999709,4.309999999997672,21.93428164677832,0.0214104807012536,0.2160695329366717,0.0458454047060513,0.0735716159032017,99.76041389367931,62.18280462661806
BMT,2025-07-08,86400,1.1769036227593002,9.19999999999709,2.5,3.689999999995052,23.18313869373488,0.0179405852260941,0.1522295510003459,0.0385738216704339,0.0608502611346193,99.9317121725946,65.60006866341938
BMT,2025-07-09,86400,1.1950294656174394,12.059999999997672,2.5199999999967986,3.709999999999127,20.288429264227595,0.0188548149943647,0.2504231131752021,0.0397132108861114,0.0625180986172928,99.90046181090058,63.38059885027917
BMT,2025-07-10,86400,1.196409575916208,9.85000000000582,2.539999999993597,3.809999999997672,22.317387932730703,0.0186047764444053,0.158194481045939,0.0393209334630227,0.0622739758953686,99.91550828134584,64.30658166879901
BMT,2025-07-11,86400,1.1753066656169109,9.389999999999418,2.4800000000032014,3.779999999998836,20.464357226356785,0.0181842007178209,0.1543640161980874,0.0388688311024452,0.0606852541494299,99.92939733098764,64.63339707862157
BMT,2025-07-12,86400,1.1076058415430046,8.919999999998254,2.3399999999965075,3.540000000000873,22.914617067327168,0.0174134617632104,0.2092280015494907,0.0371964993784786,0.0584277652982564,99.9444438014329,63.60629819278364
BMT,2025-07-13,86400,1.072952053482428,7.69999999999709,2.2699999999967986,3.4499999999970896,23.659996064769267,0.0166142225814117,0.1401640269032213,0.0352633947921276,0.0563139334357403,99.968749638306,64.58033459948253
BMT,2025-07-14,86400,1.1362014164644525,13.389999999999418,2.3999999999941792,3.599999999998545,22.70975358511094,0.0173113861087559,0.3385300558802555,0.0372515165196091,0.0582876103330636,99.94560122223636,65.63318553816664
BMT,2025-07-15,86400,1.8702548210814844,15.689999999995052,4.0,6.439999999995198,21.12640192594822,0.0313054789061704,0.4354970686617889,0.0670238033446365,0.1090983959987354,98.59257630296648,59.74209264222775
BMT,2025-07-16,86400,1.935235104119954,15.05000000000291,4.17000000000553,6.419999999998254,20.04884315790692,0.0321346558956524,0.5468634490534896,0.0683523307350695,0.1095222197928525,98.55785367886205,60.22268016013064
BMT,2025-07-17,86400,1.8468368209077737,14.2699999999968,3.9899999999979623,6.269999999996799,21.50835079109712,0.0306751251694911,0.3219642905387445,0.0655313794151879,0.106351562156633,98.69905901688676,60.20633365448794
BMT,2025-07-18,86400,1.8499055005453635,15.790000000000871,3.970000000001164,6.349999999998545,18.503686385259087,0.0306274003100202,0.3093087781526265,0.0658529700252983,0.1053391352294421,98.74651326982952,60.40034354073915
BMT,2025-07-19,86400,1.7122174858847905,13.470000000001164,3.689999999995052,5.889999999999418,20.065047049155663,0.0288534117672788,0.3991340267239138,0.0616529484992497,0.100529633693659,98.98146969293626,59.34194193863713
BMT,2025-07-20,86400,1.9320974521225276,13.599999999998545,4.19999999999709,6.540000000000873,20.93542749337377,0.0328403757034783,0.3785351797705516,0.070326600257249,0.1132554674276617,98.37266635030498,58.832988681644416
BMT,2025-07-21,86400,1.4186122479741154,12.220000000001164,2.9500000000043656,4.809999999997672,22.142617391404997,0.0220938002724803,0.2450899305549683,0.0467631956227705,0.0778196094384475,99.63772728851028,64.2086119370286
BMT,2025-07-22,86400,1.1451822324997147,7.969999999993888,2.430000000000291,3.6000000000058208,22.940080325003763,0.0175519045582022,0.1797163230294245,0.0378536293341312,0.0588623326644301,99.94097153902244,65.24546829872698
BMT,2025-07-23,86400,1.1459001881068287,8.19999999999709,2.400000000001455,3.5200000000040745,22.11599671292492,0.017675978042189,0.1832857437184429,0.0379533780025666,0.0585776128916768,99.95370316786074,64.82810655834524
BMT,2025-07-24,86400,1.1666666184323615,8.389999999999418,2.470000000001164,3.689999999995198,21.844002824106763,0.018086431729577,0.1808239876336301,0.0389336845721118,0.0604630311267101,99.92939733098764,64.50507406941904
BMT,2025-07-25,86400,1.117073206185783,8.560000000004948,2.349999999998545,3.569999999999709,18.16340466903552,0.0170375877425184,0.1854291859781369,0.0360605666362971,0.0566823927768564,99.95833285107466,65.56522102788568
BMT,2025-07-26,86400,1.0069821542459834,7.590000000003783,2.1299999999973807,3.220000000001164,23.09285987106332,0.0156022433510115,0.145610503910575,0.0335933925889548,0.0513816252804827,99.97685158393035,64.54085681955178
BMT,2025-07-27,86400,0.7811149889229232,7.889999999999418,1.639999999999418,2.3799999999973807,24.64380374772856,0.0115594267752157,0.1467428648029454,0.0245127012269222,0.0382776197840576,99.99768515839304,67.57385154514016
BMT,2025-07-28,86400,0.7682969754819763,5.149999999994179,1.610000000000582,2.290000000000873,24.22597483767173,0.0115388216660088,0.1011974199136602,0.0246322806240641,0.0378912857401883,99.99884257919652,66.58365972312802
BMT,2025-07-29,86400,0.7611632208130831,8.479999999995925,1.5899999999965075,2.2699999999967986,25.596361068993858,0.0114837537420682,0.126811310845369,0.024374453954806,0.0378071796915901,99.99768515839304,66.28174356947822
BMT,2025-07-30,86400,0.8138723485788945,7.940000000002328,1.6999999999970896,2.459999999999127,22.70512390189701,0.0119871890286108,0.1031627583215595,0.0257551095550297,0.0393750256072963,99.99768515839304,67.89517930921616
BMT,2025-07-31,86400,0.873467183225644,7.25,1.8300000000017465,2.62000000000262,24.606766282017155,0.0127897164424624,0.1087684284284478,0.0273778755297825,0.0420633800009091,99.99884257919652,68.2944916790647
BMT,2025-08-01,86400,1.2606146280668291,10.5,2.6700000000055297,4.059999999997817,19.823146101228023,0.0201176837951897,0.211451985167514,0.0428942160433507,0.0677717899670826,99.86342434518916,62.66201620613934
BMT,2025-08-02,86400,1.2596112813863205,10.659999999996217,2.680000000000291,4.150000000001455,19.992129538536325,0.0203112904874116,0.1700803890416864,0.0429136860802827,0.0686592334271701,99.82638687947777,62.015325028460246
BMT,2025-08-03,86400,0.9405208268796864,11.430000000000293,1.9400000000023283,3.110000000000582,24.36718017569648,0.0143508358259855,0.2319351391779491,0.030550353921717,0.0504174946762215,99.96411995509207,65.53770374204367
BMT,2025-08-04,86400,0.8001190058200822,11.020000000004076,1.6699999999982538,2.459999999999127,24.311623977129365,0.0119865662235591,0.1403228219787706,0.0257159448017773,0.0400372161535779,99.99652773758956,66.75131066149112
BMT,2025-08-05,86400,0.8726737682429653,7.959999999999127,1.819999999999709,2.709999999999127,24.547737821039597,0.0132560136327637,0.1540295115119079,0.0279941760723886,0.043984219104459,99.9942128959826,65.83229259965596
BMT,2025-08-06,86400,0.8501821625429343,8.209999999999127,1.7699999999967986,2.610000000000582,24.55931202907441,0.012630331570407,0.1132611291031935,0.0272527553046529,0.0420787828996254,99.99652773758956,67.31273504074946
BMT,2025-08-07,86400,0.836919475406275,13.169999999998254,1.75,2.540000000000873,25.24219030312851,0.0124754320811708,0.2466842865978833,0.0267127820188761,0.0418785028684942,99.98611095035822,67.08540993961648
BMT,2025-08-08,86400,1.1753675004364093,12.669999999998254,2.4899999999979627,4.129999999997381,21.59862961376868,0.0188624215501079,0.2066801293403841,0.0402456909927423,0.0663918630550324,99.82175719626385,62.31265149343293
BMT,2025-08-09,86400,1.1273501789123497,11.209999999999129,2.37000000000262,3.830000000001746,23.25952846676466,0.0173301150439675,0.2691349206070299,0.0363198523780737,0.0588484234573843,99.88425791965186,65.05151154433456
BMT,2025-08-10,86400,1.1348137261745082,13.209999999999129,2.400000000001455,3.779999999998836,23.506059097906228,0.0178432964975186,0.271824470059073,0.0382651343621546,0.0609689997935493,99.90509149411452,63.59888299052356
BMT,2025-08-11,86400,1.223861310666933,17.56999999999971,2.5100000000020373,4.5200000000040745,23.62295859905786,0.0206560568267189,0.4547056641240488,0.0426297067177074,0.0781437231766176,99.54744846583873,59.2495131512516
BMT,2025-08-12,86400,1.8163094225181864,15.279999999998836,3.9899999999979623,6.459999999999127,21.38219192351763,0.0313523734374581,0.4024958478767075,0.0671479578399156,0.1131099638649903,98.42243544485468,57.93211879424173
BMT,2025-08-13,86400,2.00309163160306,16.14999999999418,4.330000000001746,6.869999999995343,20.712045278301837,0.0345998618619398,0.3748718107672175,0.074208829060808,0.1198128232835735,98.09951504068334,57.89305285488973
BMT,2025-08-14,86400,1.5848379951545275,12.260000000002035,3.389999999999418,5.490000000005239,21.550017940022453,0.0263851586720334,0.2566083126876037,0.0568880506922141,0.0925693635811331,99.28702878505538,60.06550935675404
BMT,2025-08-15,86400,1.586310811225816,11.950000000004366,3.401000000000844,5.230200000003137,21.041910207294062,0.0265898367571976,0.2574660249811131,0.057129638268816,0.089333087370469,99.37152050370952,59.6585389241533
BMT,2025-08-16,86400,1.4933970592844283,11.87000000000262,3.209999999999127,4.889999999999418,18.696975659440504,0.0247403732901347,0.3052637265791418,0.053123423517536,0.0818019465554971,99.60068982279888,60.36275369456778
BMT,2025-08-17,86400,1.4431245859771344,10.229999999995924,3.12000000000262,4.730000000003201,22.26877625898448,0.023637412941271,0.2461738255733507,0.050763057477161,0.0789175899360271,99.67823701663214,61.05256059542703
BMT,2025-08-18,86400,1.1672954166943703,11.830000000001746,2.459999999999127,3.850200000005611,21.817382145626684,0.0182518411964564,0.2133800838710158,0.0389896369066263,0.0624999852088512,99.87731339483096,63.95494043949071
BMT,2025-08-19,86400,0.801119617102012,12.680000000000293,1.6600000000034925,2.3800000000046566,24.62412759406937,0.0117461100164336,0.1194033016945468,0.0250498821544169,0.0388182549492921,99.98958321276866,68.20297238089752
BMT,2025-08-20,86400,1.1337609681116252,10.419999999998254,2.3800000000046566,3.809999999997672,23.488697785854004,0.0181603165690319,0.1835891332884784,0.0390677379473345,0.062986984160816,99.87384113242052,62.430683063232166
BMT,2025-08-21,86400,1.1264993238394465,10.130000000004657,2.4099999999962165,3.900000000001455,24.127594069375803,0.0187690653452072,0.2732189953967463,0.0395224444357154,0.0664164708160387,99.83796108751258,60.01893557619697
BMT,2025-08-22,86400,1.2109106516589807,10.860000000000582,2.569999999999709,4.030199999998771,21.065058623363697,0.0190816629036267,0.2710950815380784,0.0404175659226893,0.0655273929744726,99.86342434518916,63.45938808956579
BMT,2025-08-24,86400,4700.700452736023,999999.0,2.8400000000037835,4.459999999999127,22.150719337029365,182.92287822733903,22952.824680781232,0.1342843391641497,7.010506266506572,94.53002928274633,25.69771752057117
BMT,2025-08-25,86400,1.698151078541156,14.450000000004366,3.659999999996217,5.810000000004948,21.422701651639485,0.0290136185787082,0.2753641140079708,0.0623286776877648,0.1030296051051118,98.86919987499854,58.52944795134312
BMT,2025-08-26,86400,1.7932443612683309,17.410000000003492,3.889999999999418,6.139999999999418,21.096308985057696,0.0300664914640566,0.3280147780315019,0.0646920530110946,0.1061664749959892,98.73146679938424,59.642621200163816
BMT,2025-08-27,86400,1.6566313936357138,16.659999999996217,3.5799999999944703,5.819999999999709,21.88104028981817,0.0276722130005674,0.3130122952788952,0.059415235290362,0.0982196134152767,99.0416555747173,59.866241761794655
BMT,2025-08-28,86400,1.4483398641930227,16.849999999998545,3.0199999999967986,4.730000000003201,21.970161691686247,0.0226782830958987,0.2695757782712462,0.0475283483792736,0.078251377628185,99.62846792208244,63.86461699964756
BMT,2025-08-29,86400,2.023091735425724,16.470000000001164,4.400000000001455,6.870000000002619,20.70510075348094,0.0334033975220022,0.3508108188398182,0.0716981774552549,0.1131112312889311,98.36687924628758,60.565447991707565
BMT,2025-08-31,86400,1.7703548977949637,16.299999999995634,3.819999999999709,6.049999999995634,21.252560793527703,0.0304031089367667,0.4148706587802735,0.0648265882220584,0.1060624277929313,98.7279945369738,58.22940349352981
BMT,2025-09-01,86400,1.7603669807384164,15.319999999999707,3.839999999996508,6.209999999999127,21.73289042697253,0.0298155117231427,0.4056810352776665,0.0645437790022696,0.1078636836005898,98.67591060081716,59.04198448866406
BMT,2025-09-02,86400,1.956261173775671,15.430000000000293,4.260000000002037,6.529999999998836,20.521070845727383,0.0325366649179697,0.3197918787918752,0.0699508344900095,0.110636859641527,98.4779916434218,60.124821601955816
BMT,2025-09-03,86400,1.8922837525669975,14.49000000000524,4.060000000004948,6.459999999999127,21.350941561823632,0.031762533816044,0.3455099279017304,0.0681423945628921,0.1087672737616231,98.5972059861804,59.575969709053226
BMT,2025-09-04,86400,1.967405921321144,14.169999999998254,4.240000000005239,6.560200000004883,18.4087778793736,0.0329497062998502,0.3530703862634254,0.0702781783664249,0.1128731998738665,98.39349992476764,59.70936139331767
BMT,2025-09-05,86400,1.974197203317404,15.839999999996508,4.279999999998836,6.77019999999688,20.282642160210187,0.0339068600996381,0.3342864699152414,0.0727821713080629,0.1171630835803808,98.15738608085742,58.2241233030082
BMT,2025-09-06,86400,1.8313151065051,15.07999999999447,3.9799999999959255,6.27019999999688,19.47129017696964,0.030861455846159,0.3086203897910309,0.0660883942626241,0.1078809774578259,98.65276218474752,59.3398806451213
BMT,2025-09-07,86400,1.853369399915364,15.650000000001455,3.970000000001164,6.370000000002619,18.119422678503224,0.03168748853636,0.3709055057988735,0.0668055183603428,0.1097170733915121,98.58100209493166,58.48899630307445
BMT,2025-09-08,86400,1.4477551851621444,14.680000000000293,3.0899999999965075,5.430000000000291,22.698179377076126,0.0234571621130189,0.3125282104374491,0.0498930814756021,0.0901312808885999,99.2557784233614,61.71911069740644
BMT,2025-09-09,86400,1.8131739187372813,14.559999999997672,3.889999999999418,6.179999999993015,20.941214597391173,0.0309905163540002,0.306309316860279,0.0663883984838321,0.1081580047433095,98.6087801942152,58.50738006321511
BMT,2025-09-10,86400,1.902977491393736,13.869999999995343,4.130000000004657,6.5,19.148369772798297,0.0327461360714132,0.2800031108126859,0.070265889129223,0.1105562645738246,98.43632449449646,58.113039266238296
BMT,2025-09-11,86400,1.8117641628676144,14.130000000004657,3.930000000000291,6.05000000000291,21.7849743631292,0.0311858496403054,0.3937111017148709,0.0666531835922796,0.1072633827704706,98.66433639278232,58.09571275774844
BMT,2025-09-12,86400,1.753259192900953,12.220000000001164,3.8000000000029104,5.840000000003784,18.955080498616883,0.029684706234934,0.3701332867494784,0.0636461732596217,0.1014751918155525,98.94790448963528,59.06270990071619
BMT,2025-09-14,86400,1.719171180059475,12.150000000001455,3.709999999999127,5.739999999998108,21.59399993055475,0.0293074158101156,0.2589854487232514,0.0625322019601298,0.0981308571025148,99.05901688676953,58.659937509994776
BMT,2025-09-15,86400,1.3771027598524612,17.099999999998545,2.9199999999982538,4.620000000002619,21.756038843042163,0.0224068418163666,0.2916968886493123,0.047011165227741,0.0775994781457121,99.66087570457992,61.459029839052256
BMT,2025-09-17,86400,1.3280018077085691,8.830000000001746,2.819999999999709,4.279999999998836,19.720135649718166,0.0213443715063282,0.1888148705475032,0.0461118707120476,0.0713762956456048,99.812497829836,62.217892302550176
BMT,2025-09-18,86400,1.3204571388655268,10.770000000004076,2.810000000004948,4.25,22.234053634880038,0.0206345620754877,0.1909342008002568,0.0441002276638755,0.0697879551332153,99.83796108751258,63.99249637432977
BMT,2025-09-19,86400,1.306963282540117,9.090000000003783,2.789999999993597,4.189999999995198,18.251368650100115,0.0201410220026148,0.1790587944051367,0.0431153379940951,0.0679685217054793,99.87615597402748,64.89061390755396
BMT,2025-09-20,86400,1.254571752253392,16.950000000004366,2.62000000000262,4.259999999994907,21.918077755529577,0.0199356658806084,0.308716685642139,0.0422300932303186,0.0690669449331472,99.77893262653504,62.9310181914109
BMT,2025-09-21,86400,1.3458894574925748,19.049999999995634,2.819999999999709,4.690000000002328,23.40767832961029,0.0221325746036853,0.4673079746353323,0.046142644440988,0.0786499583134719,99.59837498119192,60.81034319467109
BMT,2025-09-22,86400,1.4531345346952282,19.159999999996217,3.029999999998836,5.069999999999709,21.15070776282133,0.0237251552069317,0.3574128489635768,0.0498817293017054,0.0841803067619912,99.4675864303985,61.24868402165049
BMT,2025-09-23,86400,1.7808985027327264,18.44000000000233,3.790000000000873,6.4799999999959255,21.51876757832845,0.0300160273714429,0.3924069647619035,0.0641531400659004,0.1093102337283199,98.62614150626744,59.33158577699498
BMT,2025-09-24,86400,1.7438970982194102,16.040000000000873,3.760000000002037,6.000199999999936,21.308116992094817,0.0290356189542179,0.3330856295870035,0.0624631857433996,0.1019186597534283,98.92128381115522,60.06061385875897
BMT,2025-09-25,86400,1.5696946353608348,10.82999999999447,3.360000000000582,5.120000000002619,21.693538119654164,0.0258805702697717,0.2617532474541804,0.0551723673401283,0.0859932498751732,99.5185129457517,60.6514701545651
BMT,2025-09-26,86400,1.5813590778968871,11.209999999999129,3.389999999999418,5.190000000002328,19.62985682704661,0.0257632426287388,0.2272912515109055,0.0549734729502233,0.0875632786154166,99.46295674718458,61.38043648556496
BMT,2025-09-27,86400,1.48672987513957,12.380000000004657,3.1900000000023283,4.9100000000034925,21.44932233011956,0.0248156359095229,0.248331679176772,0.0531082220200914,0.0845831051177811,99.53587425780393,59.91101257691842
BMT,2025-09-28,86400,1.55005585891376,18.739999999997963,3.2700000000040745,5.139999999999418,19.473605018576603,0.0252552748041899,0.41719610436121,0.0539665942676946,0.0860665093554418,99.48379032164723,61.37552930507902
BMT,2025-09-29,86400,1.361082887663088,17.44000000000233,2.789999999993597,4.629999999997381,21.44932233011956,0.0213076590497018,0.3576973946182988,0.043452960216382,0.0765867627164705,99.5868007731571,63.87763594416334
BMT,2025-09-30,86400,1.2286178222278947,9.559999999997672,2.599999999998545,3.889999999999418,20.04305605388951,0.0190531256998235,0.1883325681264978,0.0405552096737664,0.0629001163551584,99.89698954849014,64.48379344785366
BMT,2025-10-01,86400,0.9925962128945244,11.669999999998254,2.099999999998545,3.0800000000017462,21.149550342017847,0.014993140949662,0.1707439288875321,0.0315782044497609,0.0503743274840235,99.98379610875124,66.20335366424304
BMT,2025-10-02,86400,1.0644453131147598,14.059999999997672,2.2300000000032014,3.220000000001164,23.125267653560805,0.0161814379121094,0.2988983938121237,0.0347465188438945,0.0535451671064948,99.9629625342886,65.78187419626005
BMT,2025-10-03,86400,1.0974981623937743,9.07999999999447,2.319999999999709,3.290000000000873,22.78382851653376,0.0165399456488105,0.1592353721425752,0.035274118133384,0.0545831245632143,99.97685158393035,66.35439956275468
BMT,2025-10-04,86400,1.0194409135017677,11.729999999995924,2.150000000001455,3.1000000000058208,23.2444819963194,0.0155171902767367,0.2081620612661936,0.0332930684715393,0.0508885880999151,99.9814812671443,65.69751967045283
BMT,2025-10-05,86400,1.1713711519000047,11.589999999996508,2.479999999995925,3.849999999998545,22.50489010289471,0.0187962972283126,0.1758180391552741,0.0401283689701813,0.0638357503853333,99.88888760286578,62.3192503081543
BMT,2025-10-06,86400,1.2884214268262328,10.290000000000871,2.7300000000032014,4.129999999997381,22.458593270755447,0.0204508494154754,0.2024676197834196,0.043253460752021,0.0685476861173811,99.83796108751258,63.00087593370391
BMT,2025-10-08,86400,1.27245976133203,8.959999999999127,2.7000000000043656,4.1599999999962165,17.34279331936712,0.021185376602602,0.2291370873135747,0.0455045067057653,0.0724552666758246,99.812497829836,60.06311736349672
BMT,2025-10-09,86400,1.3998492617055676,19.849999999998545,2.9899999999979627,4.7299999999959255,22.50951978610864,0.0237702724576555,0.3616607689400553,0.050674782738497,0.0827914370765212,99.49536452968204,58.890753740428295
BMT,2025-10-10,86400,1.5386940091046566,10.87999999999738,3.319999999999709,5.120200000002555,21.186587807729257,0.0257050297859215,0.2578217808550107,0.0548904141309321,0.0873602899260006,99.48263290084375,59.85964699747316
BMT,2025-10-11,86400,1.3989577785092249,10.970000000001164,2.9800000000032014,4.709999999999127,19.178462713688816,0.0225966130555713,0.2556557876596343,0.0475221878361479,0.0785674339877732,99.61226403083369,61.91006479629885
TAY,2023-12-04,86400,1.5772460082469035,34.29999999998836,3.200000000011641,4.799999999988359,7.075313371682543,0.0295957688006328,0.5105654986109585,0.0617119646340142,0.0937454612401779,99.3553166124608,53.29295612553516
TAY,2023-12-05,86400,1.5535550449755706,34.29999999998836,3.1000000000349246,4.7000000000116415,7.054479797219876,0.0290694381740014,0.453628099465277,0.0612901252228766,0.0935468564985785,99.43170638549056,53.442898883115134
TAY,2023-12-06,86400,1.6003310079879076,30.20000000001164,3.200000000011641,4.800000000046566,7.144758619891434,0.0292983679335561,0.8114116142387502,0.0610263403039425,0.0930378548195585,99.4293915438836,54.621848273684485
TAY,2023-12-07,86400,1.5682662005002987,33.0,3.1000000000349246,4.7000000000116415,7.391289251032998,0.0315483139608735,0.8655964729841799,0.0624864870915189,0.0980887185898611,99.11225824372968,49.70998457779913
TAY,2023-12-08,86400,1.5565509317358486,32.09999999997672,3.099999999976717,4.7000000000116415,7.469993865669741,0.0310983853685674,1.0312611674889922,0.062095320719527,0.0951548583956901,99.20600932881167,50.05246778049998
TAY,2023-12-09,86400,1.5719303111172014,27.59999999997672,3.199999999953434,4.799999999988359,7.268602645863957,0.0318452216982912,0.728960266278591,0.0625062737555708,0.1002679181133862,98.98262711373974,49.36157537104502
TAY,2023-12-10,86400,1.5592021469933728,40.90000000002328,3.1000000000349246,4.7000000000116415,7.489670019328927,0.0302824109483183,1.4248973676003516,0.0605118760722688,0.0925839247775729,99.47800321762983,51.48870575737524
TAY,2023-12-11,86400,1.6190695576198486,42.5,3.200000000011641,4.900000000023283,7.302167849164921,0.0329884985609775,0.8758439149823971,0.062493807770079,0.1013251649716404,98.95947869767012,49.07981957948172
TAY,2023-12-13,86400,1.643885916589666,27.400000000023283,3.2999999999883585,5.099999999976717,6.866977627055869,0.0311233282355336,0.5460710477200337,0.0623486339987721,0.0951121241517831,99.1481382886376,52.818448724260016
TAY,2023-12-14,86400,1.5688528299808833,33.899999999965075,3.1000000000349246,4.799999999988359,7.3473072605007,0.0295711167578738,0.8580621764995158,0.0605620616057422,0.0933470900449901,99.39929860299308,53.05355366770502
TAY,2023-12-15,86400,1.544479490695685,27.29999999998836,3.199999999953434,4.799999999988359,7.513975856202039,0.029382090050948,0.5913426508777775,0.0617657837923616,0.0938324016390834,99.37846502853044,52.56533786279399
TAY,2023-12-16,86400,1.5814557608677378,35.79999999998836,3.200000000011641,4.799999999988359,6.994293915438836,0.0303585554342281,1.006615581922233,0.0621746454620733,0.0937613068206701,99.3171217259459,52.09258932764008
TAY,2023-12-17,86400,1.5923839125305017,39.69999999995344,3.1000000000349246,4.799999999988359,7.5417539554855955,0.0312941425518117,0.6549276520381682,0.062454210629221,0.0955559503729455,99.1990648039908,50.884407835850034
TAY,2023-12-18,86400,1.546630899517751,36.40000000002328,3.099999999976717,4.7000000000116415,7.652866352619822,0.0374162140838858,0.7499446332803927,0.0739769292005801,0.1241571834124631,98.10067246148682,41.33584696754517
TAY,2023-12-19,86400,1.567344894438439,35.79999999998836,3.200000000011641,4.799999999988359,7.392446671836479,0.0289866960976596,0.4469066499150358,0.0616098833852447,0.0934508819365873,99.43402122709752,54.07118110680134
TAY,2023-12-20,86400,1.562614631599283,39.20000000001164,3.1000000000349246,4.799999999988359,7.555643005127374,0.0336424931714463,0.7797870245995,0.0638803215522784,0.1100847619283014,98.67012349679972,46.44764654003367
TAY,2023-12-21,86400,1.5629480374543694,38.29999999998836,3.1000000000349246,4.7000000000116415,7.568374633965671,0.0319956473023404,0.9212151287356392,0.062547632434871,0.0985696618678049,99.09026724846352,48.84877066672724
TAY,2023-12-22,86400,1.57385645942968,39.300000000046566,3.1000000000349246,4.799999999988359,7.223463234528177,0.0308371944950372,1.3044294342398643,0.0610263308743014,0.0937457052699756,99.32175140915984,51.03760199819501
TAY,2023-12-23,86400,1.52962823345468,24.900000000023283,3.099999999976717,4.7000000000116415,7.888980196530053,0.0298233363327822,0.6248209553887136,0.061527265922632,0.0937909285386558,99.31596430514244,51.289641652936
TAY,2023-12-24,86400,1.5372407135004398,40.0,3.099999999976717,4.7000000000116415,7.603097258070117,0.0303878911717245,0.9251485499553382,0.0613195313781033,0.0939324368233792,99.25925068577185,50.58727849072439
TAY,2023-12-25,86400,1.5186626004113792,47.90000000002328,3.0,4.599999999976717,7.797543953055013,0.0297856147307735,1.0200282500009052,0.0608247989672236,0.0936452583537902,99.41318765263487,50.98644476829812
TAY,2023-12-26,86400,1.560195980372349,26.400000000023283,3.1000000000349246,4.900000000023283,7.589208208428339,0.0294735254972528,0.4064135455409996,0.0617251321789808,0.0937587390560656,99.30901978032152,52.93550581401726
TAY,2023-12-27,86400,1.59505816967125,44.79999999998836,3.1000000000349246,4.799999999988359,7.638977302978043,0.0326379665536206,0.8694439610117115,0.0624118446023203,0.0989854157483206,99.03355362909294,48.87124836658771
TAY,2023-12-28,86400,1.5741204417614352,43.5,3.1000000000349246,4.800000000046566,7.688746397527749,0.0339512412655609,1.0934170834370889,0.0627352293697185,0.1005931025999599,98.97799743052582,46.36414997032253
TAY,2023-12-29,86400,1.5447271280883368,36.5,3.099999999976717,4.7000000000116415,7.850785310015162,0.0295243223328743,0.7817608429468237,0.0607643317081965,0.093879313126672,99.28818620585886,52.320493951389096
TAY,2023-12-30,86400,1.5075993865483912,39.70000000001164,3.0,4.600000000034925,8.045232005000058,0.0306320647028796,1.07755397510482,0.0610336083278525,0.093680119740311,99.37152050370952,49.21638162893565
TAY,2023-12-31,86400,1.4855276979099723,44.0,3.0,4.5,8.051019109017465,0.0297473145331025,1.310536231729202,0.0595349273295141,0.092257569222711,99.46295674718458,49.93821194202088
TAY,2024-01-01,86400,1.545840031234936,41.90000000002328,3.099999999976717,4.7000000000116415,7.461891920045371,0.029824195411549,0.6093345701810904,0.0612900478939991,0.0937500267836731,99.2986029930902,51.831742980885096
TAY,2024-01-02,86400,1.568715555566544,39.59999999997672,3.199999999953434,4.800000000046566,7.663283139851155,0.030297098803839,1.1093949099886231,0.0619381570490077,0.0943760620080866,99.24304679452308,51.7777482811651
TAY,2024-01-03,86400,1.5621223789035077,39.39999999996508,3.200000000011641,4.802000000045344,7.552170742716929,0.0286583022553251,0.6130728231510147,0.0604195232561323,0.0932163081178441,99.4421231727219,54.50854572373465
TAY,2024-01-04,86400,1.5855562631075184,43.59999999997672,3.199999999953434,4.7000000000116415,7.611199203694487,0.0306482400458446,0.8346295348601416,0.0617287204542662,0.0937995943147689,99.28471394344842,51.73400693429894
TAY,2024-01-05,86400,1.523089117368907,37.5,3.0,4.7000000000116415,7.736200650470491,0.0301479502500587,0.906271964777261,0.0611435978033113,0.0933914362278301,99.38772439495828,50.520486622980975
TAY,2024-01-06,86400,1.5316763182114652,35.100000000034925,3.099999999976717,4.7000000000116415,7.584578525214412,0.0304191415495683,0.7749858829774894,0.0620140028302557,0.0946055285981856,99.2546210025579,50.352384720168025
TAY,2024-01-07,86400,1.5647760312720531,39.70000000001164,3.099999999976717,4.799999999988359,7.40054861746085,0.0316898028747676,0.7499719241750427,0.0622386198607273,0.0961636866303161,99.17012928390376,49.37790359272302
TAY,2024-01-08,86400,1.5720000037345598,26.79999999998836,3.200000000011641,5.0,7.436428662368777,0.0316635962210468,0.5176747890654951,0.0625539959175512,0.1015305698383603,98.95600643525968,49.64691921633338
TAY,2024-01-09,86400,1.587835216709817,36.100000000034925,3.200000000011641,4.899999999965075,7.369298255766848,0.0313650109397055,0.9780141246155836,0.0623996803711633,0.0978621464199386,99.1168879269436,50.62441137710951
TAY,2024-01-10,86400,1.5512439978517751,37.79999999998836,3.1000000000349246,4.799999999988359,7.713052234400861,0.0307735334833814,0.6875,0.0620253609144128,0.0979295406746678,99.12730471417494,50.40838091079399
TAY,2024-01-11,86400,1.5325483181811417,31.29999999998836,3.099999999976717,4.7000000000116415,7.585735946017894,0.028600401568533,0.618840349605307,0.0601122100255451,0.0922973092494067,99.45369738075672,53.58485315163229
TAY,2024-01-12,86400,1.5168819934150897,28.0,3.099999999976717,4.7000000000116415,7.669070243868563,0.0318118783113184,0.5289535895572044,0.0625577395374421,0.0988838703010697,99.05207236194865,47.682880543011166
TAY,2024-01-13,86400,1.4984854376088297,30.5,3.0,4.599999999976717,7.706107709579972,0.0305578442330186,0.5946360116940923,0.0623236050771083,0.0956464491121007,99.22800032407784,49.03766856500418
TAY,2024-01-14,86400,1.535375997011695,38.29999999998836,3.0,4.599999999976717,7.601939837266634,0.0293014195639175,0.8109677986940369,0.0604784584837034,0.0935149683628697,99.40277086540354,52.39937244712864
TAY,2024-01-15,86400,1.5947657775204898,33.90000000002328,3.200000000011641,4.800000000046566,7.491984860935891,0.0310231345727674,0.7794292694889009,0.0620979160070419,0.0946871055394877,99.21758353684648,51.40569447385855
TAY,2024-01-16,86400,1.5759019504896004,39.79999999998836,3.199999999953434,4.899999999965075,7.664440560654636,0.0292524467072344,0.7344022011966445,0.0606539554835762,0.0929989116219803,99.435178647901,53.87248342703552
TAY,2024-01-17,86400,1.586262476152729,43.79999999998836,3.199999999953434,4.899999999965075,7.386659567819072,0.0311016616548615,0.5972051162971184,0.0622078635671641,0.0959944088058547,99.15739765506544,51.00249927816231
TAY,2024-01-18,86400,1.6105431341448482,43.300000000046566,3.200000000011641,4.899999999965075,7.563744950751746,0.0319991712768368,1.157544716494158,0.0623362155456561,0.0949145938828587,99.216426116043,50.33077638671032
TAY,2024-01-19,86400,1.574900607893848,33.59999999997672,3.1000000000349246,4.799999999988359,7.525550064236855,0.0310937351701598,0.8443480966379866,0.0622098363703116,0.0955005634680856,99.216426116043,50.65009395701695
TAY,2024-01-20,86400,1.5624763681032288,46.0,3.099999999976717,4.600000000034925,7.724626442435676,0.0314608898938369,1.4767711480380967,0.0607620913477148,0.0936725989100523,99.3668908204956,49.66408684961097
TAY,2024-01-21,86400,1.516167929058538,30.400000000023283,3.099999999976717,4.699999999953434,7.630875357353672,0.0294078898035035,0.8896002895198762,0.0611957380548119,0.0935184016847051,99.43865091031148,51.55650198425149
TAY,2024-01-22,86400,1.5450450112245484,43.19999999995344,3.099999999976717,4.799999999988359,8.054491371427911,0.0309163376524932,0.8358654515468515,0.0619445630465634,0.0955362873047125,99.21295385363256,49.97503354185205
TAY,2024-01-23,86400,1.5078746355816617,24.5,3.099999999976717,4.7000000000116415,8.011666801699095,0.0308223960822615,0.4256061127525754,0.0624401185777969,0.0991027537011543,99.0486000995382,48.92139571201376
TAY,2024-01-24,86400,1.5248477149786797,45.300000000046566,3.0,4.699999999953434,8.081112049907984,0.0317013154825012,0.970112797920592,0.062432239181362,0.09879601037479,99.05554462435909,48.10045550861378
TAY,2024-01-25,86400,1.5696160310221858,33.899999999965075,3.200000000011641,4.900000000023283,7.875091146888274,0.0301186145144206,1.080519195238594,0.0617358353338204,0.0941712935222313,99.278926839431,52.11448322825571
TAY,2024-01-26,86400,1.4991122516552997,42.0,3.0,4.599999999976717,7.604254678873598,0.0281564327532988,0.4611870138323866,0.060140317690093,0.0920944431272801,99.5370316786074,53.24226491107682
TAY,2024-01-27,86400,1.5142062946945531,42.39999999996508,3.0,4.599999999976717,7.629717936550191,0.0301247308451111,0.706835535063874,0.0611375663778744,0.093955523223849,99.3043900971076,50.264558459616055
TAY,2024-01-28,86400,1.5116107853948917,38.29999999998836,3.0,4.5,7.892452458940497,0.0304458249958171,0.5866700851474889,0.0617178336891811,0.0971065739903135,99.13077697658538,49.649197732461424
TAY,2024-01-29,86400,1.5545730627181304,49.100000000034925,3.1000000000349246,4.799999999988359,7.43064155835137,0.0313063713944854,0.9262625827104785,0.0624177576857618,0.0960124693473336,99.13424923899582,49.65676293427953
TAY,2024-01-30,86400,1.518840843101002,31.29999999998836,3.099999999976717,4.600000000034925,7.769765853771456,0.0293948013461513,0.4629218236077577,0.0616444063314702,0.0937700264819432,99.3240662507668,51.67038977959253
TAY,2024-01-31,86400,1.5282920152587691,29.900000000023283,3.099999999976717,4.7000000000116415,7.642449565388489,0.0288666873846643,0.7593407348031178,0.0598138256755191,0.0928674482414499,99.40855796942094,52.94310340637647
TAY,2024-02-01,86400,1.557883305210347,35.70000000001164,3.099999999976717,4.799999999988359,7.500086806560261,0.03066731117611,0.862641638435889,0.0621183175535406,0.0948307473456953,99.23725969050568,50.7994749266817
TAY,2024-02-02,86400,1.5151021094767625,30.80000000004657,3.0,4.600000000034925,7.64360698619197,0.028315833516937,0.553482840070501,0.0599413033225573,0.091500289918622,99.4803180592368,53.507240340179216
TAY,2024-02-06,86400,1.5884352954725576,37.0,3.200000000011641,4.89999999996624,7.366983414159886,0.031850522942716,0.7498968486324884,0.062512677203631,0.098585003974149,99.07174851560782,49.87156092474615
TAY,2024-02-07,86400,1.522838689421238,35.09999999997672,3.099999999976717,4.600000000034925,7.663283139851155,0.0298383016034804,0.5780895316274837,0.0615540521219372,0.0940949729457499,99.2731397354136,51.0363729681107
TAY,2024-02-08,86400,1.5264925118185206,39.0,3.099999999976717,4.7000000000116415,7.733885808863529,0.0297860057515412,0.9972214426379652,0.0607170652772765,0.0928229021490552,99.43054896468708,51.24864758640175
TAY,2024-02-09,86400,1.4829163559276224,51.5,3.0,4.599999999976717,8.26051227444762,0.0291347435623808,1.1995549158309586,0.0600026943488046,0.0920599579159171,99.4930496880751,50.89855528337253
TAY,2024-02-10,86400,1.3961260017640031,33.20000000001164,2.7999999999883585,4.300000000046566,8.530191321658815,0.0329969393840687,0.6860107898246497,0.06377532716142,0.1070544080203402,98.685169967245,42.31077268929242
TAY,2024-02-11,86400,1.4541857622621053,40.79999999998836,2.900000000023283,4.400000000023283,8.16097408534821,0.0307251155422479,0.9305129949352704,0.0616964362969156,0.0974623485736083,99.13424923899582,47.32889483247767
TAY,2024-02-12,86400,1.4273858883824235,18.70000000001164,2.900000000023283,4.5,8.181807659810877,0.0295311419267762,0.3813075114157982,0.0617643942241556,0.0957190713169984,99.16318475908284,48.33493712750267
TAY,2024-02-13,86400,1.4890283592220317,36.29999999998836,3.0,4.5,8.048704267410503,0.0318494096351023,0.6082601544330828,0.0624945186253171,0.0990012850845232,99.0416555747173,46.75214945065003
TAY,2024-02-14,86400,1.5116603657991614,44.20000000001164,3.0,4.599999999976717,7.893609879743979,0.0312398782363096,0.8846445077797398,0.0621192204183898,0.0969173498009332,99.15161055104804,48.38880466549937
TAY,2024-02-15,86400,1.4969323104446806,33.5,3.0,4.599999999976717,7.750089700112269,0.0319769790066074,0.7183163966983557,0.0624862226832192,0.1002768390916753,98.98725679695367,46.812812119886495
TAY,2024-02-16,86400,1.5011090938085223,32.79999999998836,3.0,4.5,7.386659567819072,0.0303004277231289,0.6524999204557389,0.061552311835112,0.0937818805419374,99.28008426023447,49.54085491714542
TAY,2024-02-18,86400,1.5389910169821484,38.09999999997672,3.099999999976717,4.7000000000116415,7.412122825495665,0.0301098076218572,0.8748021660139784,0.0613244088599458,0.0938060938683338,99.34721466683642,51.11261540621249
TAY,2024-02-19,86400,1.547087739221877,38.0,3.099999999976717,4.699999999953434,7.564902371555227,0.0315831549207583,1.249952286889311,0.0619731199229136,0.0962002586654854,99.14119376381672,48.98458507563648
TAY,2024-02-20,86400,1.522188765172542,24.100000000034925,3.099999999976717,4.7000000000116415,7.569532054769152,0.0294913123362317,0.5314949523890391,0.0615269878704566,0.0939288487890736,99.372677924513,51.61481957012927
TAY,2024-02-21,86400,1.5368127483115328,39.5,3.099999999976717,4.699999999953434,7.513975856202039,0.0309187176037551,0.6521647445042618,0.0622007903410121,0.0965206906781532,99.13772150140626,49.70493174901855
TAY,2024-02-22,86400,1.5397063049899504,35.29999999998836,3.099999999976717,4.7000000000116415,7.375085359784257,0.0302843240052059,0.8346883508493192,0.0619709630438592,0.0942161940282676,99.2546210025579,50.841693038102086
TAY,2024-02-23,86400,1.565761772925342,38.40000000002328,3.099999999976717,4.7000000000116415,7.64360698619197,0.0316727675168044,0.6457243484328501,0.0625060515827499,0.0983935230819043,99.0358684706999,49.43558443527769
TAY,2024-02-24,86400,1.490950672162839,24.899999999965075,3.0,4.5,7.623930832532784,0.0290918688198187,0.5151487672119401,0.0609249135304708,0.0935436549270525,99.44559543513236,51.24973859004483
TAY,2024-02-25,86400,1.4854763076661326,34.0,3.0,4.5,7.751247120915751,0.0287060555558785,0.6281972205033526,0.0600552079966291,0.0931473653262947,99.36573339969212,51.7478378289484
TAY,2024-02-26,86400,1.5096250495335222,38.59999999997672,3.0,4.600000000034925,7.906341508582275,0.0287822015274445,0.8560803781147115,0.0597129664674866,0.0920671154418961,99.45948448477412,52.44995064194811
TAY,2024-02-27,86400,1.5471473940692562,43.70000000001164,3.0,4.7000000000116415,7.783654903413234,0.0295793681197427,0.9745509858475998,0.0604115836264099,0.0925312546198256,99.48147548004027,52.304950793871406
TAY,2024-02-28,86400,1.5439374154617642,34.29999999998836,3.099999999976717,4.799999999988359,7.577634000393522,0.0316247152747821,0.6652793207904324,0.0630533019430003,0.0982279046368786,99.1111008229262,48.82059496814169
TAY,2024-02-29,86400,1.5562909197969903,28.5,3.1000000000349246,4.799999999988359,7.77208069537842,0.0313777355177542,0.5110658678459004,0.0624174862226937,0.0983167287614197,99.0856375652496,49.59857344921555
TAY,2024-03-01,86400,1.532963904856051,30.70000000001164,3.099999999976717,4.7000000000116415,7.704950288776491,0.0315384795336599,0.6860227067372762,0.0622300635965075,0.0984354693919887,99.06827625319735,48.60614485778756
TAY,2024-03-02,86400,1.513849954816571,33.59999999997672,3.0,4.600000000034925,7.61351404530145,0.0281122957656015,0.543855800293386,0.0594216876954305,0.0913095103879459,99.53934652021437,53.850100588906
TAY,2024-03-03,86400,1.5087558030645771,39.100000000034925,3.0,4.599999999976717,7.596152733249227,0.0322792637967756,0.4637024207622744,0.0647143248177598,0.1017414844967425,98.91781154874477,46.74071293932506
TAY,2024-03-04,86400,1.5072351797092547,36.59999999997672,3.0,4.599999999976717,7.829951735552494,0.0343415980975728,0.8471198591287248,0.0658221890684216,0.1091153527772985,98.57058530770033,43.889488642402185
TAY,2024-03-05,86400,1.547307398835458,31.79999999998836,3.099999999976717,4.7000000000116415,7.500086806560261,0.0322780550557264,0.5223908288753591,0.0627007806673645,0.1012329637340735,98.95600643525968,47.9368225909576
TAY,2024-03-06,86400,1.567343470687699,36.5,3.1000000000349246,4.799999999988359,7.454947395224481,0.0370426716132016,0.8511056957649998,0.0723126823897473,0.1238503163692075,98.13192282318084,42.31183665723511
TAY,2024-03-07,86400,1.5854317083152465,33.70000000001164,3.200000000011641,4.900000000023283,7.4792532320975935,0.0325465672259048,0.4848056531045586,0.063785921537783,0.103688442844432,98.85299598374982,48.71271668259497
TAY,2024-03-08,86400,1.666353395671491,39.40000000002328,3.200000000011641,5.2000000000116415,7.2419819673838814,0.0339830062449033,0.8607688649790362,0.0641721930645871,0.1099468688073103,98.69442933367284,49.03490243369421
TAY,2024-03-09,86400,1.6989904628361971,33.70000000001164,3.2999999999883585,5.699999999953434,7.177166402388917,0.0345453391783842,0.9381256728083828,0.0648266688105649,0.1174087534251158,98.53586268359588,49.18146711525444
TAY,2024-03-10,86400,1.5778562604652242,46.70000000001164,3.1000000000349246,4.7000000000116415,7.181796085602842,0.0336416991908547,1.0467019128846005,0.0640504126611631,0.1084207075170707,98.6909570712624,46.901800395601015
TAY,2024-03-11,86400,1.611340546823893,48.29999999998836,3.200000000011641,4.800000000046566,7.296380745147513,0.0366762014440691,0.9656400255626068,0.0682150035863741,0.121714455487673,98.3460456718249,43.93422664659633
TAY,2024-03-13,86400,1.5627410481665005,43.29999999998836,3.099999999976717,4.799999999988359,7.473466128080187,0.0358228230173575,0.4939967786776833,0.0696576013462617,0.1214012998156251,98.2904894732578,43.62417354337672
TAY,2024-03-14,86400,1.590532018098464,34.0,3.1100000000259023,4.899999999965075,7.701478026366046,0.0358365409911484,0.6971037133480422,0.0682353036187123,0.1221236722404137,98.34141598861098,44.382967051617534
TAY,2024-03-15,86400,1.5842219354134752,43.600000000034925,3.1000000000349246,4.899999999965075,7.730413546453084,0.0357011936004304,0.9237484546611086,0.0688322905101813,0.1194908150087584,98.39928702878504,44.37448095152763
TAY,2024-03-16,86400,1.5470507795727988,31.100000000034925,3.099999999976717,4.799999999988359,7.597310154052709,0.0370778055384326,0.8594824613537639,0.0712249833741225,0.1232938191853464,98.1400247688052,41.724442886122056
TAY,2024-03-17,86400,1.5394373853720729,43.300000000046566,3.1000000000349246,4.7000000000116415,7.495457123346334,0.0348731398170516,1.4064587684115395,0.0674145182187203,0.1112374082754833,98.60067824859084,44.14392834726063
TAY,2024-03-18,86400,1.63435691599271,34.20000000001164,3.200000000011641,5.0,7.302167849164921,0.0381805615904549,0.687508282775525,0.0743102509528397,0.1274685610085727,97.90043866248452,42.80599467029554
TAY,2024-03-19,86400,1.668259640180081,33.699999999953434,3.2999999999883585,5.0,7.184110927209805,0.0391853819328238,0.7795592732145451,0.0780355549068189,0.128507214650745,97.73377006678318,42.5735199671508
TAY,2024-03-20,86400,1.5655017866692986,48.0,3.1000000000349246,4.800000000046566,7.60656952048056,0.0367049619169808,2.0749699637526646,0.0689742570568341,0.1201912423514298,98.36224956307365,42.65095793226797
TAY,2024-03-21,86400,1.6035848870250335,31.30000000004657,3.200000000011641,4.800000000046566,7.472308707276705,0.035116422450066,0.7179413358680904,0.0674702335440087,0.1173640171485022,98.45947291056608,45.66481364266511
TAY,2024-03-22,86400,1.6070436948762787,28.5,3.200000000011641,5.0,7.530179747450781,0.0350858352806379,0.6089295849087648,0.0673786724219098,0.1224058645009065,98.33099920137964,45.80320468292576
TAY,2024-03-23,86400,1.5878577156958396,38.09999999997672,3.1000000000349246,4.799999999988359,7.599624995659672,0.0382724684219667,0.7158686341135763,0.0754172939108684,0.1268029961804859,97.9270593409646,41.48824941594284
TAY,2024-03-24,86400,1.589912721124907,35.20000000001164,3.199999999953434,4.800000000046566,7.265130383453513,0.0364028725243689,0.908410467847716,0.0715257188188842,0.1225703415635509,98.21872938344194,43.67547423673514
TAY,2024-03-25,86400,1.8056982853723729,28.5,3.599999999976717,5.7000000000116415,7.010497806687576,0.0366533361499104,0.5233006050111726,0.0729540252767037,0.125264713789802,97.99881943078044,49.26422735267226
TAY,2024-03-26,86400,1.5573240617697937,27.59999999997672,3.200000000011641,4.800000000046566,7.520920381022929,0.0340767025803906,0.4379181742551736,0.0662166791735215,0.1155153132416309,98.51387168832971,45.70055034081415
TAY,2024-03-27,86400,1.5969331043005686,24.80000000004657,3.2999999999883585,4.899999999965075,7.304482690771883,0.0344411452156556,0.7639043391100131,0.0668365655234083,0.1134445240511561,98.60530793180476,46.36701521551885
TAY,2024-03-28,86400,1.5788063701059898,34.5,3.1000000000349246,4.800000000046566,7.493142281739372,0.0365949589372163,0.873462523566559,0.0711167429748456,0.1227134455740452,98.22220164585238,43.14272828592335
TAY,2024-03-29,86400,1.7191582335306586,81.20000000001164,3.199999999953434,5.2000000000116415,7.953795761525018,0.0378626791616421,0.6551856425357983,0.0738096690678503,0.1268677701835988,98.02196784685007,45.405086791293286
TAY,2024-03-30,86400,1.670990352539138,39.89999999996508,3.200000000011641,5.0,8.044074584196578,0.0378453927861483,0.7402519864263013,0.0740010514098685,0.1288469783286565,97.89002187525318,44.15307199841183
TAY,2024-03-31,86400,1.550515385980479,40.79999999998836,3.099999999976717,4.900000000023283,8.037130059375688,0.0332836545264146,0.8123146470752545,0.0638091829197946,0.1131069043907338,98.6597067095684,46.58489003073178
TAY,2024-04-01,86400,1.5498689414006743,31.0,3.200000000011641,4.899999999965075,7.794071690644568,0.0336898931188746,0.493641602632124,0.0661900354956741,0.1129595051461366,98.52544589636454,46.00397323571092
TAY,2024-04-02,86400,1.6077420194835998,47.70000000001164,3.199999999953434,4.899999999965075,7.857729834836051,0.0345656087116892,1.248117693758104,0.0632715921208728,0.1106489607959525,98.78586557714787,46.51276454718963
TAY,2024-04-03,86400,1.6167367651337727,44.0,3.200000000011641,4.900000000023283,7.494299702542853,0.0356846854706991,1.0626251138164662,0.0659337666176725,0.1198338518675882,98.49882521788447,45.306179493048255
TAY,2024-04-04,86400,1.5192112451182975,39.59999999997672,3.099999999976717,4.699999999953434,7.828794314749013,0.0341821588344778,0.780681372852996,0.066420218971325,0.1140394035982903,98.56942788689685,44.44456689907775
TAY,2024-04-07,86400,1.6200235862042158,35.29999999998836,3.200000000011641,5.099999999977881,7.642449565388489,0.0346376548873607,0.8076973445131443,0.0665557991713285,0.1174576726637315,98.48840843065312,46.77059089091482
TAY,2024-04-08,86400,1.5725692316233135,24.79999999998836,3.200000000011641,4.900000000023283,7.744302596094863,0.0351558127941396,0.6843835923937149,0.067859301296994,0.1184229012520523,98.41433349923032,44.731414426029765
TAY,2024-04-09,86400,1.5462508633857828,43.29999999998836,3.099999999976717,4.600000000034925,7.652866352619822,0.033391700184723,0.6701382575556636,0.0646434871945529,0.1081783898419236,98.74535584902604,46.30644306176706
TAY,2024-04-10,86400,1.55870684389494,41.600000000034925,3.1000000000349246,4.600000000034925,7.495457123346334,0.0360291449873015,1.2282373829511926,0.068524208990857,0.1176551570324231,98.42359286565816,43.262387836320926
TAY,2024-04-11,86400,1.5939673732323112,53.20000000001164,3.200000000011641,5.0,7.593837891642265,0.0365250164467852,1.5310178053332493,0.0682506558485327,0.1203432534611784,98.36572182548409,43.64042862269441
TAY,2024-04-12,86400,1.6236037198388285,36.90000000002328,3.2999999999883585,5.099999999976717,7.851942730818644,0.0382555007517753,0.8693730139639229,0.074542893707985,0.1284292579768226,97.85066956793482,42.44105260394584
TAY,2024-04-13,86400,1.5662718948575576,37.09999999997672,3.200000000011641,4.900000000023283,7.886665354923089,0.0349439865273863,0.6777155314339325,0.0670527776004745,0.1169148392172065,98.55438141645158,44.8223585933796
TAY,2024-04-14,86400,1.5432014873042552,43.40000000002328,3.1000000000349246,4.799999999988359,7.895924721350942,0.0341131033744116,0.4457469268818386,0.0658955814607906,0.1096129558037507,98.62035440225002,45.23779236152928
TAY,2024-04-15,86400,1.6043489162618578,40.59999999997672,3.200000000011641,5.0,7.295223324344032,0.0370546304423568,0.4893095362349413,0.0743112798314538,0.124747759019956,98.05437562934756,43.29685378226417
TAY,2024-04-16,86400,1.594377926152436,37.79999999998836,3.200000000011641,4.900000000023283,7.429484137547888,0.0346991508171873,0.4374857051298022,0.0684591889206785,0.112923317925306,98.57521499091423,45.94861512624544
TAY,2024-04-17,86400,1.5998586218311264,28.899999999965075,3.2999999999883585,5.0,7.561430109144782,0.0333111675060659,0.5130745017668232,0.065446946339216,0.109499890706502,98.67475318001364,48.02769586180861
TAY,2024-04-19,86400,1.626491282559959,39.0,3.2999999999883585,5.0,7.268602645863957,0.0340495439084576,0.6123378986376338,0.0658780852681956,0.1130264614149928,98.65854928876492,47.76837207819938
TAY,2024-04-20,86400,1.6020805504376,33.20000000001164,3.200000000011641,4.900000000023283,7.289436220326624,0.0307933707199627,0.4688597525237128,0.06242737530265,0.0950575219339226,99.216426116043,52.02680034462666
TAY,2024-04-21,86400,1.622838525978213,47.0,3.2999999999883585,5.0,7.379715042998184,0.0320158401262357,0.673091720091179,0.0632869315042626,0.1006533330795355,98.97684000972234,50.68861287190368
TAY,2024-04-22,86400,1.6700340455731602,31.0,3.3999999999650754,5.2000000000116415,7.132026991053138,0.0352600853491989,0.6559977277647704,0.0684880603104829,0.1211350949376357,98.39118508316068,47.36330127923915
TAY,2024-04-23,86400,1.6287084431791388,32.59999999997672,3.2999999999883585,5.100000000034925,7.225778076135141,0.0336947304323681,0.5093720937147737,0.0661294269142672,0.1148389199201487,98.57637241171771,48.33718573294221
TAY,2024-04-24,86400,1.6320687993470429,38.29999999998836,3.2999999999883585,5.199999999953434,7.672542506279008,0.0336358927585747,1.147359439171851,0.0635429980873595,0.1088932734972333,98.685169967245,48.52164356132517
TAY,2024-04-25,86400,1.628799977237658,27.5,3.2999999999883585,5.099999999976717,7.316056898806698,0.0380313676842669,0.5557137285359204,0.0751789401168934,0.1263606273313056,97.89233671686016,42.82780442494166
TAY,2024-04-26,86400,1.6849253182138089,36.0,3.400000000023283,5.400000000023283,7.391289251032998,0.0342969065685239,0.5754100470803678,0.0685169919102916,0.1171968274132814,98.42012060324772,49.1276178158594
TAY,2024-04-27,86400,1.6831671624575533,32.0,3.400000000023283,5.300000000046566,7.472308707276705,0.0346391528472846,0.6834011262981221,0.0656500067911109,0.1173417755379342,98.47683422261832,48.59146439953721
TAY,2024-04-28,86400,1.6687668854067232,27.900000000023283,3.400000000023283,5.299999999988359,7.208416764082917,0.0365444286845872,0.4724016881082207,0.0721582366270012,0.1250594504084438,98.02196784685007,45.6640572976003
TAY,2024-04-29,86400,1.6356920306197884,23.09999999997672,3.3999999999650754,5.199999999953434,7.355409206125071,0.0321667396291285,0.390445199678652,0.0632996028522029,0.1050283234147355,98.8657276125881,50.85041410562299
TAY,2024-04-30,86400,1.698786815275537,52.70000000001164,3.3999999999650754,5.2000000000116415,7.237352284169956,0.0355854339141636,1.306909591134172,0.0675359637185465,0.1132558700500523,98.60762277341172,47.73826333902448
TAY,2024-05-01,86400,1.6103506039683502,43.19999999995344,3.200000000011641,4.900000000023283,7.512818435398557,0.0356252587257013,0.6836878196336329,0.0688624737958889,0.121910524994601,98.32868435977268,45.20249568774034
TAY,2024-05-02,86400,1.6365112653661753,37.5,3.2999999999883585,5.099999999976717,7.132026991053138,0.035939889187664,0.472614256083034,0.0703387893096076,0.1189451959775761,98.37266635030498,45.53467754937754
TAY,2024-05-03,86400,1.6806260589922866,38.09999999997672,3.400000000023283,5.100000000034925,7.213046447296843,0.0328083184536983,0.6557779447175562,0.0630332266911864,0.1018601607810707,98.93748770240396,51.22560796015465
TAY,2024-05-04,86400,1.639734828890692,31.100000000034925,3.2999999999883585,5.099999999976717,7.417909929513073,0.0344618065775204,0.7528116663452238,0.0662141801440155,0.1153353873244486,98.57868725332467,47.58122082644142
TAY,2024-05-05,86400,1.6303419097286866,32.20000000001164,3.300000000046566,5.099999999976717,7.441058345582703,0.0349701364525386,0.625643425330054,0.0687326278188264,0.1190013785986234,98.3969721871781,46.62097649789729
TAY,2024-05-06,86400,1.6538136870536169,45.0,3.300000000046566,5.199999999953434,7.261658121043067,0.0325770422322974,1.340938819514122,0.063410621555522,0.1001269390294333,98.9918864801676,50.76623209713095
TAY,2024-05-07,86400,1.6265841776816756,39.40000000002328,3.2999999999883585,5.100000000034925,7.530179747450781,0.0339231676878131,0.5988276904099621,0.0652463734790217,0.1111861115659122,98.6469750807301,47.94906515225217
TAY,2024-05-08,86400,1.6948550357187804,32.899999999965075,3.400000000023283,5.399999999965075,7.216518709707288,0.037959997136112,0.9281127932481468,0.0737196237721942,0.1281638221617322,97.86803087998705,44.64845004062939
TAY,2024-05-09,86400,1.640104225071146,30.09999999997672,3.3999999999650754,5.199999999953434,7.299853007557957,0.0377595619864345,0.5624454757780768,0.0758055365062318,0.124926084105391,97.91664255373324,43.43546743516074
TAY,2024-05-10,86400,1.9703721640906349,31.0,3.900000000023283,6.2000000000116415,6.136645100059028,0.0491781241134445,0.669184371130541,0.0980944106937385,0.1708484737959225,95.23374113126307,40.066029348848176
TAY,2024-05-11,86400,2.360065801881693,31.0,4.800000000046566,7.800000000046566,5.476915242074561,0.0662221012825067,0.8564174861530773,0.1413617639103904,0.2186661486141383,89.1075128184354,35.6386426304701
TAY,2024-05-12,86400,2.1391941797285,32.0,4.2000000000116415,7.7999999999883585,6.636650887163046,0.0408254129571392,0.7966137683833949,0.083189739572117,0.1450357781723148,97.22913459646524,52.39859256100959
TAY,2024-05-13,86400,2.272621548420459,29.29999999998836,4.7000000000116415,7.7999999999883585,6.5162791236009685,0.0405497783985827,0.5430041425861418,0.0846819161262827,0.1420394245709761,97.11454993692055,56.04522732592404
TAY,2024-05-14,86400,1.6938411264032065,28.20000000001164,3.5,5.400000000023283,7.237352284169956,0.0361347478642652,0.3489255585009232,0.0718919685867149,0.1204904066247401,98.21641454183498,46.87568687953736
TAY,2024-05-15,86400,1.6825326046523412,27.399999999965075,3.400000000023283,5.299999999988359,7.200314818458548,0.0390876648132138,0.4724084946210496,0.0785324594471602,0.1289576278510503,97.66085255616385,43.04510419462313
TAY,2024-05-16,86400,1.7119932345666735,35.40000000002328,3.400000000023283,5.300000000046566,7.248926492204771,0.0412191255640367,0.5275916852988303,0.0834540243027731,0.1364336531294976,97.024271114249,41.53395325831069
TAY,2024-05-17,86400,1.6819340608801427,29.20000000001164,3.400000000023283,5.300000000046566,7.268602645863957,0.0332205527761539,0.4571083070477471,0.0650333438825327,0.1057131670287347,98.7904952603618,50.62932191895441
TAY,2024-05-18,86400,1.6764677759427336,30.20000000001164,3.400000000023283,5.299999999988359,7.2975381659509955,0.0373341636065456,0.4867250263923779,0.072667738952441,0.1259791546699125,97.97682843551428,44.90438820501393
TAY,2024-05-19,86400,1.6697946312094103,37.70000000001164,3.400000000023283,5.2000000000116415,7.18758318962025,0.0326592534979792,0.8505972414859571,0.0635426836262922,0.1022265030443671,98.90623734070996,51.127764792958295
TAY,2024-05-20,86400,1.6858565240300396,32.100000000034925,3.400000000023283,5.299999999988359,7.280176853898772,0.0335550919352695,0.6700845787418075,0.0642891992232761,0.1069910743332002,98.84026435491153,50.241451498090015
TAY,2024-05-21,86400,1.7053439133128552,36.59999999997672,3.400000000023283,5.400000000023283,7.260500700239586,0.0377104274107745,0.6915407255291939,0.0740667706821112,0.1259450345742517,98.01155105961875,45.22207862275216
TAY,2024-05-22,86400,1.6460293760951203,36.0,3.300000000046566,5.299999999988359,7.55332816352041,0.0367455502531825,0.4147129655466415,0.0714241303037851,0.1241718305228281,98.13539508559128,44.79533888345467
TAY,2024-05-23,86400,1.6285367876257448,29.400000000023283,3.2999999999883585,5.100000000034925,7.442215766386186,0.0343136190724331,0.8095149641158059,0.0670889405708293,0.1132701867353173,98.65739186796144,47.46036214194076
TAY,2024-05-24,86400,1.6557140421422365,31.80000000004657,3.300000000046566,5.2000000000116415,7.480410652901074,0.0374147575646916,0.7970984517596662,0.0739727216714526,0.1250818844605238,97.964096806676,44.25296727461574
TAY,2024-05-25,86400,1.6556722596242188,89.69999999995343,3.200000000011641,5.0,7.577634000393522,0.0350029212298426,2.078664206492249,0.0627266388095449,0.0975592047697865,99.0983691940879,47.30097378744863
TAY,2024-05-26,86400,1.6280199120778225,31.70000000001164,3.2999999999883585,5.0,7.509346172988113,0.0354823727157045,0.6533832990680821,0.0687040070071816,0.1177109935285989,98.45021354413824,45.88249847540148
TAY,2024-05-27,86400,1.6739270319922164,29.70000000001164,3.400000000023283,5.299999999988359,7.321844002824108,0.0381912030655677,0.5082960580475628,0.0757921538082882,0.1262656082841568,97.93516128658896,43.83017285615593
TAY,2024-05-28,86400,1.7032431348856376,27.899999999965075,3.5,5.302000000045344,7.181796085602842,0.0337637273339765,0.5226630219840445,0.0658264767145737,0.1116504497150892,98.73956874500864,50.44594508146065
TAY,2024-05-29,86400,1.715282149502397,35.699999999953434,3.400000000023283,5.300000000046566,7.282491695505736,0.0349690036290387,0.8117983434349298,0.0675657184852751,0.1180847188725606,98.48146390583224,49.05150194296502
TAY,2024-05-30,86400,1.7143619875976248,40.59999999997672,3.400000000023283,5.299999999988359,6.930635771247353,0.0333721288893128,0.8216144480393268,0.0633319638378452,0.1041002921760087,98.8668850333916,51.37107054909109
TAY,2024-05-31,86400,1.6937004817837524,31.70000000001164,3.400000000023283,5.299999999988359,7.163277352747138,0.0329124721615687,0.4354980543721467,0.0642163807933684,0.1037074058328292,98.8842463454438,51.46074939062132
TAY,2024-06-01,86400,1.7033923558345585,38.0,3.400000000023283,5.300000000046566,7.011655227491059,0.0346622500411336,0.7767814854159951,0.0674395179492421,0.1144067259808073,98.58215951573511,49.142578850594006
TAY,2024-06-02,86400,1.7026441071998075,32.100000000034925,3.5,5.299999999988359,6.945682241692612,0.0355925820841021,0.9902031231904402,0.0684742644021752,0.1173351197666492,98.47104711860092,47.83704939216749
TAY,2024-06-03,86400,1.7600517144392116,27.29999999998836,3.599999999976717,5.599999999976717,7.023229435525874,0.0455896539979563,0.5111703725997359,0.0935493770579341,0.1526412249135324,96.08328800101852,38.60638456434664
TAY,2024-06-04,86400,1.8237087826511116,41.29999999998836,3.599999999976717,5.7000000000116415,6.787115591615643,0.0410284722928763,0.6054268900188617,0.0836135011806617,0.1357156463502906,97.12728156575886,44.4498339979212
TAY,2024-06-05,86400,1.6959648214661536,27.600000000034925,3.400000000023283,5.2000000000116415,6.894755726339426,0.0376418728028845,0.4686386379762552,0.0750281374843324,0.1247003481455613,97.96525422747948,45.05527209823455
TAY,2024-06-06,86400,1.7801253822913934,34.0,3.599999999976717,5.599999999976717,6.83688468616535,0.038182395815346,0.9828674260643312,0.0741540473187341,0.125416784241097,97.96293938587252,46.621626124605726
TAY,2024-06-08,86400,0.1636244874939377,3.1699999999982538,0.3300000000017462,0.5099999999947613,56.68468385050753,0.003890157816988,0.0581805397596326,0.0079163688169501,0.0134189991021412,100.0,42.0611438274662
TAY,2024-06-09,86400,0.1605786078076024,2.6299999999973807,0.3300000000017462,0.5,56.96362226414657,0.0032816831341554,0.0488469525735126,0.0067129734576155,0.0111268586218648,100.0,48.931783232629066
TAY,2024-06-10,86400,0.167973002825164,3.2600000000020373,0.3400000000037835,0.5199999999967986,55.74833042049098,0.0038098424715266,0.05295923371159,0.0075959539841278,0.0129198247015301,100.0,44.08922522031868
TAY,2024-06-11,86400,0.1722709686856309,3.709999999999127,0.3499999999985448,0.5299999999988358,54.37678676836537,0.0032846300168543,0.0638944107195129,0.00672048997003,0.0111124051864317,100.0,52.44760224110841
TAY,2024-06-12,86400,0.1700382889537453,3.0,0.3400000000037835,0.5300000000061118,55.77726594057801,0.0032515674504701,0.0607657948785345,0.0065588239856879,0.011055834624276,100.0,52.29425238491163
TAY,2024-06-13,86400,0.1714747511689847,3.6999999999970896,0.3499999999985448,0.5299999999988358,54.41382423407678,0.0033029892071568,0.0424432132131187,0.0068014320873771,0.0111325101162947,100.0,51.91502011133495
TAY,2024-06-14,86400,0.1715480025503001,2.9500000000043656,0.3400000000037835,0.5500000000029104,55.94046227386891,0.0036570828276283,0.0531554510234855,0.0074679811521491,0.0124979269193136,100.0,46.90842690446861
TAY,2024-06-15,86400,0.1795851367158121,4.099999999998545,0.3499999999985448,0.5600000000049477,54.89068160511117,0.0036740151259444,0.075443679212185,0.0073595571004261,0.012433839780133,100.0,48.87980329715419
TAY,2024-06-16,86400,0.1682928840329513,3.3699999999953434,0.3399999999965075,0.5299999999988358,56.92889964004213,0.0031074009539739,0.0504548387252725,0.0063318497544969,0.0106227226901683,100.0,54.15872829786293
TAY,2024-06-17,86400,0.175771973735151,2.75,0.3499999999985448,0.5499999999956344,54.58280767138508,0.0035203338851019,0.0713563172175781,0.0071357164837536,0.0116537007183069,100.0,49.9304837047091
TAY,2024-06-18,86400,0.1952371841451652,3.819999999999709,0.3700000000026193,0.5999999999985448,53.005243116239775,0.004143860559741,0.0698142019464285,0.0083397602873446,0.0146761674666777,100.0,47.11480545336016
TAY,2024-06-19,86400,0.1717121227694548,3.290000000000873,0.3400000000037835,0.5299999999988358,55.21012974687207,0.0031994162076599,0.0469716879306361,0.0065658479470584,0.0110552522592479,100.0,53.66982960975116
TAY,2024-06-20,86400,0.1720321089006907,4.019999999996799,0.3400000000037835,0.5299999999988358,54.91730228359124,0.0035439621868088,0.0867494956619339,0.0072596503159729,0.0121186110661074,100.0,48.54230936562388
TAY,2024-06-21,86400,0.1624214670710608,3.8700000000026193,0.3299999999951978,0.5,57.42774800634267,0.003050381960536,0.0522610263069509,0.0061294251572689,0.010307661731058,100.0,53.246271817472326
TAY,2024-06-25,86400,0.1722621292699441,2.900000000001455,0.3499999999985448,0.5299999999988358,54.34669382747486,0.0035991049832582,0.0541360056886333,0.0073376590022235,0.0122204141334805,100.0,47.862490820185
TAY,2024-06-26,86400,0.1882209129531848,3.760000000002037,0.3700000000026193,0.6100000000005821,52.31310547575782,0.0038858343510952,0.0658462850551586,0.0079299749741039,0.0132919208101521,100.0,48.43770884152471
TAY,2024-06-27,86400,0.1718741975394687,2.709999999999127,0.3499999999985448,0.5299999999988358,54.10247803794025,0.0037734677290763,0.0435286778301815,0.0077131431738962,0.0130699506927339,100.0,45.548076685418174
TAY,2024-07-05,86400,0.1833905697122897,4.040000000000873,0.3700000000026193,0.5899999999965075,53.81080799546291,0.0038065015832415,0.0914948583886143,0.0077438120250007,0.0130665168151608,100.0,48.17824599666673
TAY,2024-07-10,86400,0.1806620909316254,3.430000000000291,0.3699999999953434,0.569999999999709,53.54344378985868,0.0034531743699632,0.0547120150222326,0.0070325876236893,0.0116870717925485,100.0,52.31768556223568
TAY,2024-07-11,86400,0.1774750040664775,3.12000000000262,0.3600000000005821,0.569999999999709,54.53419599763885,0.0037958103006497,0.0559949051166768,0.0078498905728338,0.0131577246011875,100.0,46.7554988165084
TAY,2024-07-12,86400,0.1797834347705083,3.400000000001455,0.3600000000005821,0.569999999999709,54.11173740436811,0.0034897648657607,0.0727756695559946,0.0070475386666657,0.0118930375420313,100.0,51.51734905778495
TAY,2024-07-14,86400,0.175944285697795,3.930000000000291,0.3600000000005821,0.5600000000049477,55.29809372793667,0.0034850007184332,0.1032556772624957,0.0070275397170917,0.0118103706708643,99.99884257919652,50.48615477084036
TAY,2024-07-15,86400,0.1772333065478526,2.900000000001455,0.3600000000005821,0.569999999999709,54.32933251542264,0.0033784453711582,0.0725108747938065,0.0068190902158676,0.0114012622079463,100.0,52.460018447665625
TAY,2024-07-16,86400,0.1812193546472381,3.680000000000291,0.3600000000005821,0.5800000000017462,54.35826803550968,0.0034505093383084,0.0944238070296705,0.0068607099281507,0.0117054724491026,100.0,52.51959546458153
TAY,2024-07-17,86400,0.1823437955563713,2.9899999999979627,0.3700000000026193,0.5800000000017462,52.7714441139365,0.0037901610649591,0.0522369870523107,0.0076711174820957,0.0129564374213805,100.0,48.109774857346
TAY,2024-07-18,86400,0.188347521833009,3.599999999998545,0.3799999999973806,0.6100000000005821,53.10593872614267,0.0036555021025112,0.0455267679790267,0.0075597161929181,0.0126853210051194,100.0,51.524391588256
TAY,2024-07-19,86400,0.1810357460122,4.720000000001164,0.3600000000005821,0.5800000000017462,54.30734152015648,0.0041164431915084,0.1058039871641085,0.008148610482749,0.01365985042401,99.99884257919652,43.97868197031558
TAY,2024-07-20,86400,0.1806803450238907,5.850000000005821,0.3600000000005821,0.5500000000029104,54.035347631338325,0.0039910458787713,0.1166850999288726,0.0077877205352706,0.0135951013192243,99.99884257919652,45.2714277076269
TAY,2024-07-21,86400,0.162729411335178,3.5,0.3300000000017462,0.5,57.6140927557032,0.0037898860745125,0.0776119182046386,0.0076742437093344,0.01296481011188,100.0,42.93781081880425
TAY,2024-07-22,86400,0.1586309709463221,2.87000000000262,0.3199999999997089,0.4899999999979627,58.32822139145129,0.003094032008235,0.0457099976265453,0.0062625359147205,0.0105210480811365,100.0,51.26998378583031
TAY,2024-07-23,86400,0.1568555648144548,3.459999999999127,0.3199999999997089,0.4802000000031374,59.10948043380132,0.0031072309540682,0.0685375873435987,0.0063133599796856,0.0102783689579519,100.0,50.480819444272086
TAY,2024-07-24,86400,0.1604381516144502,3.560000000004948,0.3199999999997089,0.4900000000052387,58.67544763249575,0.0035284789734425,0.0597929591531283,0.0071219241333892,0.0123205946758389,100.0,45.46949344931174
TAY,2024-07-26,86400,0.1619966589270375,3.12000000000262,0.3299999999944702,0.5100000000020373,58.12220048843157,0.0034458677924057,0.074007849478221,0.0069365711526188,0.0120268568750179,100.0,47.011861347973
TAY,2024-07-27,86400,0.1557737341149319,3.690000000002328,0.3100000000049476,0.4800000000032014,60.09213069595712,0.0036447744996619,0.0788495755914482,0.0072428091385518,0.0126413087418768,100.0,42.73892228082674
TAY,2024-07-28,86400,0.1743250272666499,4.150000000001455,0.3600000000005821,0.5400000000008731,55.76106204932928,0.0036562949844656,0.071914050495252,0.0073271404122351,0.0129000503759016,100.0,47.678053318898
TAY,2024-07-29,86400,0.1598905501126906,4.059999999997672,0.3199999999997089,0.4800000000032014,57.89997569416313,0.0035291696159279,0.1364345684633008,0.0066972261229238,0.0114358260759036,99.99768515839304,45.30543087126279
TAY,2024-07-30,86400,0.1666285392466244,3.25,0.3399999999965075,0.5100000000020373,55.78536788620239,0.0032789355399963,0.0544449071603594,0.0067062901631288,0.0110068515434977,100.0,50.817875851256346
TAY,2024-07-31,86400,0.1654566531264921,3.110000000000582,0.3399999999965075,0.5199999999967986,55.9971758932395,0.0034779143361625,0.0601565952820237,0.00702855829295,0.0118989875269471,100.0,47.57352743238659
TAY,2024-08-01,86400,0.1662457395105164,3.229999999995925,0.3300000000017462,0.5099999999947613,56.39995833285107,0.0034741188115854,0.0635068459596368,0.007028858627018,0.0119630309911735,100.0,47.852635007262286
TAY,2024-08-02,86400,0.1657421884204517,3.5500000000029104,0.3300000000017462,0.5,55.47517911086934,0.003276613770497,0.0540960797443403,0.0066492401689174,0.0112139210870373,100.0,50.58337661345026
TAY,2024-08-03,86400,0.1607558142023723,3.689999999995052,0.3199999999997089,0.4899999999979627,57.55853655713607,0.0035523366132714,0.0719602227109135,0.0071086784977524,0.0118258410242561,100.0,45.25354200852991
TAY,2024-08-04,86400,0.1688260655288887,3.5500000000029104,0.3300000000017462,0.5099999999947613,55.876804129677424,0.0042907142314604,0.0735634186130482,0.0084965925190772,0.0145878342923242,100.0,39.34684446045642
TAY,2024-08-06,86400,0.1647683676619545,2.8400000000037835,0.3300000000017462,0.5099999999947613,56.114075394391136,0.0032191063147202,0.0576613996745436,0.0065713069707271,0.0107246320717968,100.0,51.18450635113271
TAY,2024-08-07,86400,0.1622570415686772,3.1000000000058208,0.3299999999944702,0.5,56.93815900646998,0.0033854665032317,0.0581912548514083,0.0068402484866965,0.0117412294335372,100.0,47.92752826408351
TAY,2024-08-08,86400,0.1675948014742945,3.8700000000026193,0.3300000000017462,0.5099999999947613,55.71360779638653,0.0035084217719747,0.0987613096294808,0.0070778103021439,0.0117265712759399,100.0,47.769285541799256
TAY,2024-08-09,86400,0.1584997918350761,3.569999999999709,0.3199999999997089,0.4899999999979627,57.15922637993496,0.0029756710871474,0.067194961644418,0.0060637263508397,0.0100409970598412,100.0,53.26522560453783
TAY,2024-08-10,86400,0.2148414991899558,3.6699999999982538,0.4400000000023283,0.680000000000291,47.3790205905161,0.0039448578293674,0.1174953824520343,0.0080598671389452,0.01316497212596,99.99884257919652,54.46115130844786
TAY,2024-08-11,86400,0.2348059338764399,4.439999999995052,0.4899999999979627,0.7399999999979627,44.53986735957592,0.0040095997562803,0.0653861471946584,0.0084257870046712,0.0133987793842971,100.0,58.56094076474746
TAY,2024-08-12,86400,0.22872097187904,3.8800000000046566,0.4700000000011641,0.7099999999991269,44.13708491996435,0.0051063225737178,0.0606386591462069,0.0105962988978717,0.0172571918072935,100.0,44.79172017284411
TAY,2024-08-13,86400,0.1775488130237744,3.430000000000291,0.3600000000005821,0.5400000000008731,52.42653271449901,0.0036551039990486,0.0577573503760504,0.0075736711311037,0.0125589030809351,100.0,48.57558444887262
TAY,2024-08-14,86400,0.1752450663551534,3.9199999999982538,0.351000000004482,0.5400000000008731,53.770298267341055,0.0036566523164038,0.0699445873760851,0.0073609829349152,0.0125143763949745,100.0,47.92500110581269
TAY,2024-08-15,86400,0.1734252162592874,3.469999999993888,0.3499999999985448,0.5199999999967986,54.3814164515793,0.0036751658200693,0.0586505774845136,0.0073641471986775,0.0125391872692853,100.0,47.18840583057742
TAY,2024-08-16,86400,0.1626368754289843,2.569999999999709,0.3300000000017462,0.5,56.342087292677,0.0033240239830496,0.052722839078342,0.0067415554673061,0.011297667267645,100.0,48.9277081661861
TAY,2024-08-17,86400,0.1665467187924009,3.279999999998836,0.3399999999965075,0.5100000000020373,55.13373997384229,0.0033951214086348,0.066447724297177,0.0067912000711658,0.011231596453872,100.0,49.0547166648496
TAY,2024-08-18,86400,0.1801163568964296,3.029999999998836,0.3700000000026193,0.569999999999709,54.18928459820137,0.0032178805772666,0.0944600071452441,0.0064748253440484,0.010815988893155,100.0,55.973598931210255
TAY,2024-08-19,86400,0.1696048346476957,8.760000000002037,0.3299999999944702,0.5,56.95899258093265,0.0034801542276767,0.1363368419843027,0.0064891399131738,0.0113066809243173,99.99768515839304,48.73486159036861
TAY,2024-08-20,86400,0.1651335018300447,2.889999999999418,0.3300000000017462,0.5,55.80967372307551,0.0038608938145717,0.0638127661877661,0.0080709158894023,0.0131704383442411,100.0,42.77079601724057
TAY,2024-08-21,86400,0.1614399277497302,3.7399999999979623,0.3299999999944702,0.5,57.36640470375814,0.0032473419276861,0.0713082707225112,0.006519501011644,0.0110223559597216,100.0,49.71448381324152
TAY,2024-08-22,86400,0.1644589477327062,2.959999999999127,0.3300000000017462,0.5099999999947613,56.65922059283094,0.0035882398573408,0.0779727132248808,0.0071202519924554,0.0120236977684544,100.0,45.83276320015907
TAY,2024-08-23,86400,0.165054725930753,3.619999999995344,0.3300000000017462,0.5,56.49486683873656,0.003624076415278,0.1452270214576856,0.0071116691397037,0.0121664019918534,99.99884257919652,45.54394195149633
TAY,2024-08-24,86400,0.1610224928525655,2.9899999999979627,0.3199999999997089,0.4900000000052387,56.926584798435165,0.0032131776961527,0.0454130625003017,0.0064268749920302,0.0110984575421025,100.0,50.11316149593906
TAY,2024-08-25,86400,0.1605821607733217,4.309999999997672,0.3199999999997089,0.4900000000052387,58.31433234180952,0.0034518301442741,0.1375906828834558,0.0065272343279502,0.0113997057883534,99.99884257919652,46.52087559788331
TAY,2024-08-26,86400,0.1659044730132401,3.709999999999127,0.3299999999944702,0.5,56.9242699568282,0.0038137635287796,0.068934091439587,0.0074837223131908,0.0129911131894914,100.0,43.50151017958525
TAY,2024-08-27,86400,0.1620942279225519,3.180000000000291,0.3300000000017462,0.5099999999947613,56.53421914605493,0.0035680874349414,0.0468913356598932,0.00723644002137,0.0121273090771865,100.0,45.428883353522565
TAY,2024-08-28,86400,0.1663295782161166,2.819999999999709,0.3399999999965075,0.5199999999967986,56.03305593814744,0.0032168023169286,0.0590081601840211,0.006580096874677,0.0111162135055929,100.0,51.70649663147998
TAY,2024-08-29,86400,0.1656889991015939,3.7999999999956335,0.3300000000017462,0.5099999999947613,56.50528362596789,0.0032590302615648,0.0679856989590916,0.006544012161612,0.0110129513568244,100.0,50.83996948564605
TAY,2024-08-30,86400,0.1644791625183611,3.659999999996217,0.3300000000017462,0.5001999999999359,56.0099075220778,0.0034820345723685,0.061129008201533,0.0071022361531504,0.011647763349174,100.0,47.236510451774336
TAY,2024-08-31,86400,0.1611516280278872,2.6700000000055297,0.3300000000017462,0.5,56.433523536152045,0.0032831673826466,0.0448503219304257,0.0067202618156443,0.0109669267955177,100.0,49.0841949851772
TAY,2024-09-01,86400,0.1653941344088687,4.1600000000034925,0.3300000000017462,0.4902000000051746,56.70204516255976,0.0028562056231257,0.0519546483847079,0.0057000357526703,0.0093563453806564,100.0,57.90694234750576
TAY,2024-09-03,86400,0.1599881494984667,2.9399999999950523,0.3299999999944702,0.4899999999979627,56.813157559693984,0.0029110372015849,0.0608344117063097,0.0058321608434198,0.0096086380525957,100.0,54.95915660452516
TAY,2024-09-04,86400,0.1593210576327854,2.6699999999982538,0.3299999999944702,0.4900000000052387,57.1245037558305,0.0030250878173883,0.0477127470949199,0.0062494553698343,0.0104026491798868,100.0,52.66658926869293
TAY,2024-09-05,86400,0.158752921278828,3.4500000000043656,0.3199999999997089,0.4899999999979627,57.91386474380491,0.0030373877635099,0.056127921649022,0.0061649060604395,0.0104372856974077,100.0,52.26626745974218
TAY,2024-09-06,86400,0.1595448004305858,3.0500000000029104,0.3199999999997089,0.4899999999979627,56.50759846757486,0.0031293614415275,0.0829434722618316,0.0062364150202483,0.0104599924222566,100.0,50.98318086955326
TAY,2024-09-07,86400,0.1561301560256606,4.150000000001455,0.3199999999997089,0.4799999999959254,57.46825773446452,0.0029052802053345,0.0666805568762356,0.0059320977627066,0.0097000122221652,100.0,53.740136901508926
TAY,2024-09-08,86400,0.159846470424683,3.2999999999956344,0.3100000000049476,0.4800000000032014,57.06316045324599,0.003422134588615,0.0518590171996038,0.0067995865276316,0.0115354428593127,100.0,46.70958030398889
TAY,2024-09-09,86400,0.1625943950680714,3.830000000001746,0.3299999999944702,0.5,56.87334344147502,0.0031427808861548,0.1435349832681822,0.0060727596603101,0.0102174885387648,99.99652773758956,51.73583552471834
TAY,2024-09-10,86400,0.1608803336768316,2.930000000000291,0.3199999999997089,0.4800000000032014,56.45782937302515,0.0031489118471331,0.0689797368104336,0.0062550484333769,0.0105534642466227,100.0,51.09077085540258
TAY,2024-09-11,86400,0.1619919920584582,3.25,0.3199999999997089,0.4900000000052387,56.19625227143833,0.00306788782389,0.0469125691306544,0.006201484867779,0.0103104946043459,100.0,52.8024495368456
TAY,2024-09-12,86400,0.1942903251060166,6.220000000001164,0.3600000000005821,0.6000000000058208,53.2853389506823,0.0039953029111132,0.0806047385995043,0.0080491414315474,0.0135418313658738,100.0,48.62968575347641
TAY,2024-09-13,86400,0.969497821383444,37.94000000000233,1.7200000000011642,4.589999999996653,47.62670864246114,0.0144947751561161,0.4901377354690339,0.0295948497849167,0.0578210215704167,99.79745135939072,66.88602002270274
TAY,2024-09-14,86400,1.1883274326279063,35.93000000000029,0.7999999999956344,4.379999999997526,53.01218764106066,0.0198207758238266,0.6246417239090079,0.0181393535043753,0.0703696377418243,99.3611037164782,59.95362861323806
TAY,2024-09-15,86400,0.7009431043295902,14.290000000000871,0.6599999999962165,3.540000000000873,52.14759430085997,0.0124987434789721,0.3165940919934655,0.0191337729760561,0.0559726898677765,99.7430525816271,56.08108570695732
TAY,2024-09-16,86400,0.158875129551873,2.959999999999127,0.3199999999997089,0.5,57.70437157837475,0.0031294568820949,0.0495239132796996,0.0064191304300038,0.0105764734966215,100.0,50.76763652188341
TAY,2024-09-17,86400,0.1619650758475781,3.0500000000029104,0.3300000000017462,0.5,57.19857868725333,0.0030654263764268,0.0480708267132286,0.0062396419198194,0.010380644860852,100.0,52.83606777845222
TAY,2024-09-18,86400,0.1640685139231809,3.0900000000037835,0.3299999999944702,0.5,56.39648607044063,0.0030820864965231,0.0650855656567728,0.0062196914164815,0.0102610074139374,100.0,53.23293621221625
TAY,2024-09-19,86400,0.1893661484720735,3.0,0.3800000000046566,0.6199999999953434,53.47399854164979,0.0035599882401442,0.0651497576182009,0.0071671099089144,0.0118547399842646,100.0,53.19291403367327
TAY,2024-09-20,86400,0.2221469667157097,3.040000000000873,0.4000000000014552,0.7399999999979627,54.31775830738782,0.0047170701184683,0.1177843559562461,0.0094022103199677,0.0168768122573965,99.99768515839304,47.09426849494221
TAY,2024-09-21,86400,0.1621945026303481,3.639999999999418,0.3300000000017462,0.4899999999979627,55.97055521475943,0.0030304526815086,0.0714872903190553,0.006088144548994,0.0097518456335819,100.0,53.52154269443312
TAY,2024-09-22,86400,0.1607494449586313,3.789999999993597,0.3199999999997089,0.4800000000032014,56.69047095452494,0.0033360433135317,0.0653461228503147,0.0065893515587958,0.0113317309333069,100.0,48.18565881876029
TAY,2024-09-23,86400,0.1706316692778913,2.62000000000262,0.3499999999985448,0.5200000000040745,55.02031273510109,0.0032081834346042,0.0581233410048298,0.0065863476193044,0.0110160837008152,100.0,53.18638185841558
TAY,2024-09-24,86400,0.1689119941766891,3.479999999995925,0.3400000000037835,0.5100000000020373,54.99947916063843,0.0035028168485685,0.0659582071821205,0.0071151636489958,0.0119448837255185,100.0,48.22176020921352
TAY,2024-09-25,86400,0.1708476323466269,4.630000000004657,0.3400000000037835,0.5200000000040745,54.91151517957383,0.0032727533089905,0.0899366162338992,0.0065410304770921,0.0109347844003059,100.0,52.2030278985868
TAY,2024-09-26,86400,0.1813480897121312,10.540000000000871,0.3399999999965075,0.5100000000020373,55.53767983425734,0.0034434310805694,0.0874764502077596,0.0066245239388081,0.0114160648938559,100.0,52.66493953742056
TAY,2024-09-28,86400,0.1647949585925521,3.3000000000029104,0.3300000000017462,0.4900000000052387,55.79346983182676,0.0031349980452376,0.0402530644423677,0.0063658375867817,0.0106145284375816,100.0,52.56620774941876
TAY,2024-09-29,86400,0.1694884830209519,3.099999999998545,0.3400000000037835,0.5100000000020373,54.978645586175766,0.0032977307471351,0.0613865762788918,0.0066628032138396,0.011233209058264,100.0,51.39548858462594
TAY,2024-09-30,86400,0.1733078371416291,4.119999999995343,0.3399999999965075,0.5199999999967986,55.21128716767555,0.0037874000551535,0.0703118382589309,0.0075488507653062,0.0129652471140434,100.0,45.75905227124082
TAY,2024-10-01,86400,0.8873106322166006,33.18000000000029,0.4900000000052387,2.349999999998545,53.54807347307261,0.0178790385750484,0.8069831332977628,0.0144950899499235,0.0530146865417192,99.56480977789096,49.62854285718044
TAY,2024-10-03,86400,0.3302444470082562,11.880000000004657,0.4499999999970896,1.2700000000040743,53.26450537621963,0.0068005611027588,0.2890670516790123,0.0121362449761363,0.0239887537501636,99.96411995509207,48.56135280156818
TAY,2024-10-04,86400,0.2330027541360901,9.62999999999738,0.3399999999965075,0.5200000000040745,55.95203648190372,0.0050656270397161,0.1846658584472607,0.0091204242256935,0.0189343843140523,99.98379610875124,45.99682374230843
TAY,2024-10-05,86400,0.1562252414757511,2.5499999999956344,0.3199999999997089,0.4700000000011641,57.48677646732022,0.0034638945092835,0.0920973247266374,0.0069391925215313,0.0117569283601187,100.0,45.10103902181496
TAY,2024-10-06,86400,0.8001512883220707,24.80999999999767,0.3899999999994179,1.520399999996816,54.91035775877036,0.0150951718407028,0.8256911567441421,0.0135424261447042,0.0447945922361396,99.58332851074664,53.007100330684864
TAY,2024-10-07,86400,0.6126419311034169,21.51000000000204,0.3700000000026193,0.9400000000023284,53.81312283706987,0.013054778660804,0.7180405567487469,0.0117969937513407,0.0304776946545462,99.68402412064954,46.92855750177496
TAY,2024-10-08,86400,0.705633187673619,17.450000000004366,0.4700000000011641,3.029999999998836,52.09435294389981,0.0129398156244453,0.3121377794232103,0.0245051636484276,0.0527798753368553,99.73147837359228,54.53193523762692
TAY,2024-10-09,86400,0.1731575651934912,2.9199999999982538,0.3499999999985448,0.5299999999988358,54.256415004803294,0.0032357413782372,0.0477156479973928,0.0065545836587261,0.0107983079785481,100.0,53.51403122158947
TAY,2024-10-10,86400,0.2027955848646295,5.680000000000291,0.3899999999994179,0.6100000000005821,49.990161923170405,0.0046105631042282,0.0963439227707567,0.0093402097263606,0.0155184599019412,100.0,43.98499277336961
TAY,2024-10-11,86400,0.2206497503736608,9.680000000000293,0.3799999999973806,0.5900000000037835,52.41843076887464,0.0054636954162597,0.1408576114190509,0.0110073940493748,0.0196904131809424,99.99189805437562,40.38470916161103
TAY,2024-10-12,86400,0.1848371980111683,6.360000000000582,0.3700000000026193,0.5599999999976717,53.38487713978171,0.0037678381768993,0.1803163640652201,0.0071795926058257,0.0124350043121376,99.99537031678608,49.05656487461373
TAY,2024-10-13,86400,0.2054962549691698,5.05000000000291,0.4000000000014552,0.6200000000026193,50.99827544300282,0.0038761082893425,0.1370671645636321,0.0074355240845761,0.0124603105377173,99.99537031678608,53.016128440263344
TAY,2024-10-14,86400,0.2467437386964987,7.080000000001746,0.3899999999994179,0.6199999999953434,52.116343939165965,0.0053260505793488,0.2562991094455356,0.0089586721398518,0.0166581916903669,99.98263868794778,46.32771224646095
TAY,2024-10-16,86400,0.1975715085173958,4.069999999999709,0.4000000000014552,0.6100000000005821,50.68229956365236,0.0039776878939145,0.0745689910108922,0.0080856580214458,0.0138601724446925,100.0,49.66993734475432
TAY,2024-10-17,86400,0.2206896203986571,12.950000000004366,0.430000000000291,0.6399999999994179,48.212363569022784,0.0053225415951812,0.4114324208348989,0.0074205543540301,0.0124357450814568,99.97106447991295,41.46320257168037
TAY,2024-10-18,86400,0.1966681745507665,3.1899999999950523,0.4099999999962165,0.6099999999934517,49.53761038900913,0.0037791489002845,0.0650377512356499,0.007775348432915,0.0127903825305111,100.0,52.04033492406708
TAY,2024-10-19,86400,0.2058577491453042,3.280000000006112,0.4199999999982537,0.6200000000026193,47.09545249366312,0.0036190555070624,0.043680269314791,0.0074287899580667,0.0120899206752074,100.0,56.88162248042302
TAY,2024-10-20,86400,0.2039363472482133,3.930000000000291,0.4100000000034924,0.6100000000005821,47.87786895681663,0.0035656851714792,0.0759378790244227,0.0071409043623134,0.0115991144586587,100.0,57.19415410598841
TAY,2024-10-21,86400,0.2085137245533326,3.060000000004948,0.430000000000291,0.6300000000046566,46.94730263081749,0.0036197685213348,0.060230045542994,0.007597893779166,0.0119468157361552,100.0,57.60415984247442
TAY,2024-10-22,86400,0.2070146643003336,3.1899999999950523,0.4200000000055297,0.6299999999973807,46.43572263567866,0.0044678860763316,0.0642560878332005,0.0091765184071846,0.0152009027369786,100.0,46.33391736433204
TAY,2024-10-23,86400,0.1995326110406099,3.0900000000037835,0.4099999999962165,0.5999999999985448,47.90217479368974,0.0036083925511206,0.0684548663557507,0.0074308879171439,0.0116636035022384,100.0,55.29681379132226
TAY,2024-10-24,86400,0.2061642080816182,3.569999999999709,0.4199999999982537,0.6200000000026193,47.60471764719499,0.0039241294305528,0.0790021277425694,0.0079182246161508,0.0130204831529408,100.0,52.53756576526454
TAY,2024-10-25,86400,0.1970763370431939,2.959999999999127,0.4000000000014552,0.5900000000037835,49.06422528038519,0.0035653147872771,0.0666559464589227,0.0072466245030227,0.0118711089402495,100.0,55.27599910425405
TAY,2024-10-26,86400,0.1943998026095108,2.9100000000034925,0.4000000000014552,0.5899999999965075,48.42764383847035,0.0036509301083913,0.040464196994435,0.0074254732178815,0.012289024577476,100.0,53.24665134220196
TAY,2024-10-27,86400,0.1957781205938617,2.540000000000873,0.3999999999941792,0.5999999999985448,48.40333800159724,0.0036165335258218,0.0566016357115586,0.0073803755323751,0.012030757136381,100.0,54.13419207699332
TAY,2024-10-28,86400,0.2067702812037946,3.6300000000046566,0.4199999999982537,0.6199999999953434,46.82924570886237,0.0036786302315447,0.0663857093968545,0.0075559802331554,0.0122285494739481,100.0,56.20849830855616
TAY,2024-10-29,86400,0.2091042712165122,4.5,0.430000000000291,0.6299999999973807,46.57229829048947,0.0037598189877906,0.078503478798666,0.0076625583547865,0.0125365388877981,100.0,55.615515491550994
TAY,2024-10-30,86400,0.205221393672755,4.790000000000873,0.4100000000034924,0.6199999999953434,48.043380131714486,0.0042045714301221,0.0881726517909555,0.0085511194170976,0.0144251976061787,100.0,48.80911099611989
TAY,2024-10-31,86400,0.1858815431240733,4.919999999998254,0.3700000000026193,0.5500000000029104,50.22048866306324,0.0040820218044889,0.1030266455272794,0.0081962276686681,0.0138291328042396,99.99884257919652,45.53663649570072
TAY,2024-11-01,86400,0.1796007130627056,2.5899999999965075,0.3600000000005821,0.5299999999988358,52.09435294389981,0.0037710019681887,0.0630365289034671,0.0075925788019958,0.0125923660796252,100.0,47.62678845838437
TAY,2024-11-02,86400,0.1863163329274956,3.830000000001746,0.3700000000026193,0.5600000000049477,51.40915982823875,0.0035361027604037,0.0607697502564406,0.0071666129020741,0.0118973326050036,100.0,52.68973938232832
TAY,2024-11-03,86400,0.1856857692995502,3.479999999995925,0.3700000000026193,0.5600000000049477,51.8316184215095,0.0036171798458294,0.0439731595106422,0.0074219418544089,0.0123420319768774,100.0,51.33440336462931
TAY,2024-11-04,86400,0.1878389861999297,4.519999999996799,0.3799999999973806,0.569999999999709,51.56309679510179,0.0040062826998934,0.0732036124973092,0.0080995344105758,0.0139244899376353,100.0,46.88610370856789
TAY,2024-11-05,86400,0.1856906383913509,3.389999999999418,0.3700000000026193,0.569999999999709,50.78878227757265,0.0038060139572976,0.0400579607812687,0.0077611434557184,0.0131359588658961,100.0,48.78874340082711
TAY,2024-11-06,86400,0.1884506450460235,3.1300000000046566,0.3799999999973806,0.569999999999709,50.98322897255755,0.0035433435240386,0.0638290907663758,0.0071398735264665,0.0119053478294517,100.0,53.184412889790586
TAY,2024-11-07,86400,0.1827228077182992,2.479999999995925,0.3700000000026193,0.5599999999976717,52.14875172166344,0.003283827687561,0.0477933396978187,0.0066895925236167,0.0110674515849677,100.0,55.6432386372764
TAY,2024-11-08,86400,0.182960604916071,3.6699999999982538,0.3700000000026193,0.5599999999976717,51.604763944027134,0.0035039578439308,0.0762563123935251,0.0071610001556109,0.0119697575557802,100.0,52.21541268847089
TAY,2024-11-09,86400,0.1859034046112425,3.37000000000262,0.3700000000026193,0.5599999999976717,50.614011736246944,0.003192240643454,0.0445381420504418,0.0064843046777241,0.0105653806607006,100.0,58.236024572339005
TAY,2024-11-10,86400,0.1881042898640913,4.150000000001455,0.3700000000026193,0.5599999999976717,50.73206865820207,0.0034525417702919,0.0808568773718434,0.0069774678246176,0.0114451887759787,100.0,54.48284259098296
TAY,2024-11-12,86400,0.1827746747001672,3.639999999999418,0.3700000000026193,0.5599999999976717,51.29689001030104,0.0035444201277128,0.0583864105792599,0.0071434869678341,0.0120546158563229,100.0,51.56687640371232
TAY,2024-11-14,86400,0.1704230381941215,3.25,0.3400000000037835,0.5,53.45432238799061,0.003483187759816,0.049618776240095,0.0070087996493384,0.0117538158594106,100.0,48.9273188517966
TAY,2024-11-15,86400,0.1708213943166037,3.5900000000037835,0.3399999999965075,0.5,53.382562298174754,0.0031167220285869,0.0791249679095926,0.0062728747201617,0.0102671778734657,100.0,54.80802994139395
TAY,2024-11-16,86400,0.1692435840162179,3.150000000001455,0.3400000000037835,0.5,53.906873922151874,0.0035344224269741,0.0814557734920526,0.0070634359850373,0.0120638764825707,100.0,47.884367945578624
TAY,2024-11-17,86400,0.1661329126793825,3.8500000000058208,0.3300000000017462,0.4899999999979627,54.75873563351428,0.0033509144421743,0.0591482067102333,0.0067814716268912,0.0113742580637336,100.0,49.57838091562891
TAY,2024-11-21,86400,0.22810965439214,3.430000000000291,0.4700000000011641,0.7200000000011642,46.284100510422576,0.0037961030467673,0.0671448238354059,0.0079324986283609,0.0123783351237943,100.0,60.09048003222676
TAY,2024-11-22,86400,0.239148710733761,8.37000000000262,0.4799999999959254,0.75,46.86281091216333,0.0040519996564862,0.2453950888593681,0.0078107750458002,0.0123471189195697,99.99189805437562,59.019923728750015
TAY,2024-11-23,86400,0.2227404999592694,3.780000000006112,0.4599999999991269,0.7200000000011642,47.17531452910335,0.0036088264774059,0.0941771715442882,0.0075407723103126,0.0117413655547716,100.0,61.72103349719833
TAY,2024-11-24,86400,0.2230530671118927,3.9800000000032014,0.4500000000043656,0.7099999999991269,47.0780911816109,0.0036465567926382,0.0872776102114585,0.0075464561297849,0.0116973758072708,100.0,61.168131948754485
TAY,2024-11-25,86400,0.2246518941121751,4.849999999998545,0.4600000000064028,0.7099999999991269,47.04336855750645,0.0036128085865068,0.0675927629054058,0.007543162570073,0.0117430720830453,100.0,62.182063807372
TAY,2024-11-26,86400,0.215591575790159,3.769999999996799,0.4400000000023283,0.7000000000043656,49.82580816907603,0.0034504452324791,0.0633920042819227,0.0070475021748279,0.0111334820729098,100.0,62.48224829025133
TAY,2024-11-27,86400,0.2142161580451138,3.5199999999967986,0.4400000000023283,0.7000000000043656,50.26562807439901,0.003492948310619,0.0516777936863945,0.007231526832038,0.0112877943762578,100.0,61.3281786428215
TAY,2024-11-28,86400,0.2136432930519652,3.569999999999709,0.4400000000023283,0.6899999999950523,49.877892105232704,0.0034556667649188,0.0588718063518172,0.0072173390275565,0.0111550066148629,100.0,61.82404367197708
TAY,2024-11-29,86400,0.2447328697504082,3.279999999998836,0.5,0.8700000000026193,47.64291253370988,0.0040161446942393,0.0475177758926292,0.0084833310269459,0.0136257118191861,100.0,60.937264048406696
TAY,2024-11-30,86400,0.2196486230417554,2.8000000000029104,0.4499999999970896,0.7299999999959255,47.671848053796914,0.0036287709348388,0.0562810181872919,0.0075659627233108,0.0117194373751408,100.0,60.52975702391038
TAY,2024-12-01,86400,0.2260475945828205,3.889999999999418,0.4599999999991269,0.7799999999988358,48.3431521198162,0.0035916200950254,0.065969280542049,0.0074727647806866,0.0117399841769656,100.0,62.937501333441794
TAY,2024-12-03,86400,0.221515689876277,3.0,0.4599999999991269,0.7200000000011642,47.74013588120233,0.0035005254671092,0.0461310934624634,0.0073543819577025,0.0113056360420887,100.0,63.28069653951759
TAY,2024-12-04,86400,0.2235954504283062,3.559999999997672,0.4599999999991269,0.7200000000011642,48.2679197675899,0.0035210119367675,0.0744876579046831,0.0073240289093519,0.011631872120779,100.0,63.503178739597054
TAY,2024-12-06,86334,0.2178177925215731,2.9100000000034925,0.4500000000043656,0.6999999999970896,49.10520890042047,0.0033803126703264,0.0737334138757432,0.0070436055291793,0.0109774433882557,100.0,64.43717303704378
TAY,2024-12-07,86400,0.2047563909853963,4.360000000000582,0.4199999999982537,0.6699999999982538,50.1035891619116,0.0033563577588416,0.0510024493560195,0.0069699818559456,0.01090716751336,100.0,61.0055320786351
TAY,2024-12-08,86400,0.1975293765711333,2.610000000000582,0.4099999999962165,0.6402000000064844,51.89296172409404,0.0032846849108273,0.0906782292731804,0.0067987190275743,0.0108143214797019,100.0,60.13647636638787
TAY,2024-12-09,86400,0.2105805007647207,4.919999999998254,0.430000000000291,0.6699999999982538,49.7401590296184,0.0033314524036115,0.0814225317226373,0.0068656011280836,0.0106837440557137,100.0,63.20981817816877
TAY,2024-12-10,86400,0.2198795223368738,3.4500000000043656,0.4500000000043656,0.6999999999970896,48.62903505827614,0.0034084576103492,0.0611385142692597,0.0070800705136207,0.0110226983056054,100.0,64.50997706550051
TAY,2024-12-11,86400,0.2237218686658088,3.1599999999962165,0.4699999999938882,0.7099999999991269,47.53758724059306,0.0035936450985978,0.0641066488169599,0.0074703640340885,0.0116468673959025,100.0,62.254858914934736
TAY,2024-12-12,86400,0.2396443507502594,5.080000000001746,0.5,0.75,45.12320744453061,0.0038007104666076,0.0969729848584393,0.0079218100421712,0.0122699803998693,100.0,63.05251420561515
TAY,2024-12-13,86400,0.2049922288737164,3.389999999999418,0.4199999999982537,0.6599999999962165,50.21122929663537,0.0032821682262669,0.0686504987606895,0.0068252595126978,0.0106330654589692,100.0,62.45634430640168
TAY,2024-12-14,86400,0.2228798158119645,4.259999999994761,0.4700000000011641,0.7400000000052387,48.40333800159724,0.0034006415517554,0.0711270951869664,0.0070456191489938,0.0110112248297082,100.0,65.54052003257259
TAY,2024-12-15,86400,0.2550375075161323,3.5,0.5299999999988358,0.7900000000008731,42.208821861364136,0.0039022453287,0.0569307924160966,0.0082192675312398,0.0127732469548937,100.0,65.35660522803056
TAY,2024-12-16,86400,0.2548398857687939,2.930000000000291,0.5299999999988358,0.7900000000008731,42.92179307630876,0.0039577647477723,0.0533984785870416,0.0082978491162066,0.0129424195336469,100.0,64.38985183438271
TAY,2024-12-17,86400,0.2531389524950773,3.2600000000020373,0.5299999999988358,0.7900000000008731,43.14401787057721,0.0039037710054806,0.0868342363246483,0.0081906050254474,0.0128634527245594,100.0,64.84472374912441
TAY,2024-12-18,86400,0.2152903461122747,3.4400000000023283,0.4400000000023283,0.680000000000291,48.57463628051251,0.0034223628230928,0.0864960007456829,0.0070415659880381,0.0109237384414882,100.0,62.90693219218743
TAY,2024-12-19,86224,0.2213503188952326,3.5099999999947613,0.430000000000291,0.7299999999959255,51.14296649385894,0.0036429950683195,0.0785253436042694,0.0069906048418488,0.0117248663748614,100.0,60.76053211254538
TAY,2024-12-20,86400,0.2071402379771269,3.2300000000032014,0.430000000000291,0.6600000000034925,50.903366937117326,0.0033222432430052,0.0600246914327726,0.006859191469266,0.0107852241408545,100.0,62.34950988338945
TAY,2024-12-21,86400,0.2175420986184048,4.090000000003784,0.4499999999970896,0.6900000000023283,47.53758724059306,0.0033850991601851,0.0846759107662364,0.0070595282770227,0.0109970162216632,100.0,64.26461626673286
TAY,2024-12-22,86400,0.2155473931191933,3.720000000001164,0.4400000000023283,0.6999999999970896,48.24014166830635,0.0035909845214049,0.0506677228113403,0.0075251895897963,0.0117633165024744,100.0,60.02459542065607
TAY,2024-12-23,86400,0.2210986293502827,4.700000000004366,0.4500000000043656,0.7000000000043656,48.19500225697057,0.0034692636375048,0.0677962167465011,0.0071469710390374,0.0111437861571903,100.0,63.73070841210798
TAY,2024-12-24,86400,0.2262825684617759,4.210000000006403,0.4700000000011641,0.7200000000011642,46.09081123624116,0.0034224070556286,0.0621228468444314,0.0070850034433533,0.0109306337952148,100.0,66.1179587108156
TAY,2024-12-25,86400,0.2200790250038526,3.610000000000582,0.4499999999970896,0.6999999999970896,47.95078646743596,0.0034783195062563,0.0772592889697989,0.0071449692870373,0.0111318504583323,100.0,63.27165303380793
TAY,2024-12-26,86400,0.2379872727695634,3.430000000000291,0.5,0.7399999999979627,45.022511834627714,0.0037067399172981,0.0727080717260832,0.0076416746160248,0.0118558964114345,100.0,64.20393068171546
TAY,2024-12-27,86400,0.2106227169561577,2.780000000006112,0.4399999999950523,0.680000000000291,48.81769464924363,0.0033244124789694,0.0726129999238764,0.0069446018133021,0.0107433119924098,100.0,63.356372960701485
TAY,2024-12-28,86400,0.2020528414277545,4.7299999999959255,0.4100000000034924,0.6500000000014552,50.69966087570458,0.0033750584535547,0.0610040885367197,0.0069673861653427,0.0108802788690081,100.0,59.86647169179474
TAY,2024-12-29,86400,0.2017601499862666,2.62000000000262,0.4100000000034924,0.6600000000034925,50.95660829407748,0.003708774803937,0.0608673616516171,0.0077315791109867,0.0122476932902645,100.0,54.4007551274576
TAY,2024-12-30,86400,0.2145612292691924,5.110000000000582,0.4400000000023283,0.6900000000023283,50.24942418315027,0.0036437885514875,0.1015297596386517,0.0074143271136563,0.0117559326824266,99.99884257919652,58.884105424481255
TAY,2025-01-01,86400,0.2152844149080858,2.930000000000291,0.4400000000023283,0.6900000000023283,47.7227745691501,0.0043182744899987,0.057927224173909,0.008943117083254,0.0141507774888305,100.0,49.85426826313078
TAY,2025-01-02,86400,0.2206632335428512,3.790000000000873,0.4500000000043656,0.6899999999950523,47.86166506556789,0.0037487900965753,0.0651646935730241,0.0077279205666854,0.0121237026988819,100.0,58.86252038639741
TAY,2025-01-03,86400,0.2312929575485381,5.529999999998836,0.4799999999959254,0.7399999999979627,46.336184446579246,0.0036691197530399,0.0701694327799486,0.0075946480639686,0.0119468680453428,100.0,63.03772377390245
TAY,2025-01-04,86400,0.2179151620815721,4.059999999997672,0.4400000000023283,0.6900000000023283,47.13596222178497,0.0038441691356368,0.0921765661842073,0.0078934436918643,0.012242304457759,100.0,56.68719412076173
TAY,2025-01-05,86400,0.2137360921221234,3.290000000000873,0.4399999999950523,0.6900000000023283,48.03064850287619,0.0034733254416466,0.0683804747532121,0.0072478818263334,0.011177731208736,100.0,61.53644271216236
TAY,2025-01-06,86400,0.2197129376329547,3.0900000000037835,0.4599999999991269,0.6900000000023283,47.82578502065997,0.0034478568202953,0.068237168030464,0.0071562843637366,0.0110852015782438,100.0,63.724495830546594
TAY,2025-01-09,86400,0.233570655976824,3.680000000000291,0.4800000000032014,0.75,45.32112640192595,0.0036736532747367,0.0567351164718274,0.0075181335763772,0.0119420506327879,100.0,63.57994030614743
TAY,2025-01-10,86400,0.2195424902922006,3.4800000000032014,0.4500000000043656,0.6999999999970896,46.87091285778771,0.0033912608572782,0.0515716256704763,0.0070469635538756,0.0109126243065111,100.0,64.73771834929259
TAY,2025-01-11,86400,0.2143951619161994,3.6699999999982538,0.4400000000023283,0.680000000000291,47.6730054746004,0.0033722162656481,0.0452632069063838,0.0070907608125707,0.0110083489194221,100.0,63.576931300820654
TAY,2025-01-12,86400,0.2099302167140251,4.620000000002619,0.430000000000291,0.6600000000034925,49.28529265385016,0.0033753800197679,0.0703441901496262,0.0068077442068897,0.0107857903047988,100.0,62.19454266552797
TAY,2025-01-13,86400,0.2146261907322658,3.720000000001164,0.4400000000023283,0.6899999999950523,49.07116980520608,0.0035246879201295,0.0606103140016784,0.0072879099207057,0.0114718679231009,100.0,60.89225359375493
TAY,2025-01-14,86400,0.2127621413392159,3.6000000000058208,0.4400000000023283,0.6699999999982538,48.95774256646489,0.0034288776210516,0.0525281409500166,0.0071742891879694,0.0111266804191109,100.0,62.05008308576206
TAY,2025-01-16,86400,0.2093830098820897,4.810000000004948,0.430000000000291,0.6699999999982538,49.5711755923101,0.0031927080104193,0.0803582103908411,0.0066779149972717,0.0103128971453406,100.0,65.5816345037476
TAY,2025-01-17,86400,0.2109991420470019,5.0,0.430000000000291,0.6699999999982538,49.13367052859408,0.0033785345779667,0.0718930725342943,0.0070090588618768,0.0108464292749704,100.0,62.45285851463107
TAY,2025-01-18,86400,0.2171842074834726,3.5899999999965075,0.4499999999970896,0.6900000000023283,48.72625840576858,0.0034444905969918,0.0386840254068374,0.0072877166996477,0.0113896725387894,100.0,63.05263472343034
TAY,2025-01-20,86400,0.2205165848962142,3.4100000000034925,0.4500000000043656,0.6900000000023283,48.06305628537368,0.0035713597600241,0.082712666131556,0.0072753335240122,0.0114145480972365,100.0,61.74583342255509
TAY,2025-01-21,86400,0.2250257251966704,3.529999999998836,0.4599999999991269,0.6999999999970896,46.282943089619096,0.00370687562384,0.0522631241328781,0.0076482860480609,0.0120889828943472,100.0,60.70495694237969
TAY,2025-01-22,86400,0.2233045807292432,3.719999999993888,0.4599999999991269,0.7000000000043656,47.309575342307205,0.0035621754369031,0.0859843212456326,0.0072724786521575,0.0112805964983999,100.0,62.687698745317775
TAY,2025-01-23,86400,0.217402009424249,3.560000000004948,0.4499999999970896,0.6900000000023283,48.04569497332145,0.003482394929447,0.0441708447106066,0.0072790846315911,0.0111413779322174,100.0,62.42887833412457
TAY,2025-01-24,86400,0.2129380789891323,2.639999999999418,0.4400000000023283,0.680000000000291,49.21700482644475,0.0033678682170243,0.0419254022199311,0.0070512644204427,0.0109591430447471,100.0,63.22636908698431
TAY,2025-01-25,86400,0.2276755862338522,15.510000000002035,0.430000000000291,0.680000000000291,50.31886943135916,0.0037075225703687,0.2153084528181352,0.0069706781323475,0.0109325713430007,99.9942128959826,61.4090897226287
TAY,2025-01-26,86400,0.2098697773143625,3.400000000001455,0.430000000000291,0.680000000000291,51.00174770541326,0.003400653737555,0.0601583895768271,0.0069606365184881,0.0110983191187551,100.0,61.71453886496983
TAY,2025-01-27,86400,0.2050833600922813,3.4399999999950523,0.4200000000055297,0.6500000000014552,51.094341369691776,0.0033037852160782,0.0558752340148203,0.0068380411095859,0.0108449050637136,100.0,62.07527021797483
TAY,2025-01-28,86400,0.1922100000684799,3.459999999999127,0.3899999999994179,0.6200000000026193,53.51335084896816,0.0031195830754268,0.0492089427934843,0.0065564034994167,0.0100443531613564,100.0,61.61400269187066
TAY,2025-01-29,86400,0.19174259649688,3.5,0.3899999999994179,0.6199999999954889,53.69275107350779,0.0032143580762221,0.1148018852545647,0.0065997605335724,0.0102245781534293,99.99884257919652,59.65190930519519
TAY,2025-01-30,86400,0.1957736530500686,3.9199999999982538,0.4000000000014552,0.6200000000026193,51.49480896769638,0.0031251308332284,0.0448396746069192,0.0065498848627612,0.0103082852596708,100.0,62.64494622299593
TAY,2025-01-31,86400,0.2005984229136333,3.139999999999418,0.4100000000034924,0.6399999999994179,50.72859639579161,0.0033169318407149,0.0744819987594382,0.0068712514483195,0.0108461287486716,100.0,60.47710127498914
TAY,2025-02-01,86400,0.204356637363683,3.6299999999973807,0.4199999999982537,0.6500000000014552,50.636002731513095,0.0035457830922499,0.0492530152696417,0.0072967038191563,0.0115730271818756,100.0,57.633710802195445
TAY,2025-02-02,86400,0.2008457674090727,4.139999999999418,0.4199999999982537,0.6399999999994179,51.337399738422896,0.0034556827313029,0.0506551706275786,0.0072931245078507,0.0115538286353694,100.0,58.1204303079139
TAY,2025-02-03,86400,0.2043760028772265,4.919999999998254,0.4199999999982537,0.6499999999941792,51.036470329517705,0.0035315077915371,0.1321964480011956,0.0069923488044878,0.0109159684341284,99.99652773758956,57.87216534227115
TAY,2025-02-04,86400,0.2103000892686607,3.959999999999127,0.430000000000291,0.6700000000055297,49.61515758284239,0.0034819033730464,0.0685697485678247,0.0071652611914032,0.0113548009113583,100.0,60.39802564201031
TAY,2025-02-05,86400,0.2143416272827646,3.280000000006112,0.4499999999970896,0.680000000000291,49.00403939860415,0.0034024809034037,0.0702661066970904,0.0071317248519335,0.010975577456993,100.0,62.995688529904285
TAY,2025-02-06,86400,0.2182379487835517,3.959999999999127,0.4499999999970896,0.6900000000023283,49.017928448245925,0.0034738347789648,0.0666253892777604,0.0072093342350853,0.0111989669325703,100.0,62.82335303976719
TAY,2025-02-07,86400,0.213863000980914,3.9499999999970896,0.4400000000023283,0.6700000000055297,49.43459993749927,0.0033604636363895,0.0703241783558041,0.0068066770902078,0.0106216817222593,100.0,63.6409210328619
TAY,2025-02-08,86400,0.2141803922392445,5.650000000001455,0.4399999999950523,0.6699999999983993,50.00173613120522,0.0035297312943828,0.0783327016106341,0.0071515193507366,0.011393009389867,100.0,60.67895097833889
TAY,2025-02-09,86400,0.210087193554702,3.4400000000023283,0.430000000000291,0.6700000000055297,49.604740795611065,0.0033780715826223,0.0566165346826892,0.0070055791395134,0.0110536205387325,100.0,62.19145697600205
TAY,2025-02-15,86400,0.2075045390951943,3.2399999999979627,0.4299999999930151,0.6699999999982538,49.79108554497159,0.0034851709028963,0.0578887840019888,0.0072309371244045,0.0112551957453251,100.0,59.539272195578114
TAY,2025-02-16,86400,0.2090136913226639,3.1999999999970896,0.430000000000291,0.6699999999982538,49.637148578108544,0.0035392785670055,0.0886663589990348,0.0073208923604397,0.0114552420617837,100.0,59.055450795003736
TAY,2025-02-19,86400,0.2218114106770716,4.1600000000034925,0.4599999999991269,0.7099999999991269,48.9762612993206,0.0037265911510025,0.0826618038699962,0.007699534195126,0.0121738015672599,100.0,59.521262631099184
TAY,2025-02-22,86400,0.2147523220502842,5.389999999999418,0.4399999999950523,0.6899999999950523,48.54801560203243,0.0038462707836477,0.1526525739536737,0.0078239494454464,0.0124216153007,99.99768515839304,55.833906158521074
TAY,2025-02-23,86400,0.2249212942523495,4.230000000003201,0.4700000000011641,0.7300000000032014,47.85703538235396,0.0036348166996618,0.0881978011675528,0.0076053811899328,0.0119289432800724,100.0,61.87967998809822
TAY,2025-02-27,86400,0.2278859582419791,3.659999999996217,0.4700000000011641,0.7399999999979627,46.93341358117571,0.0036910163246024,0.0532672260233084,0.0077016856928821,0.0120889719465049,100.0,61.7407072033968
TAY,2025-02-28,86400,0.2251829817379674,3.650000000001455,0.4600000000064028,0.7200000000011642,47.54221692380699,0.0039651349447035,0.0509711932681966,0.0082207711806404,0.0131971492238517,100.0,56.79074856757735
TAY,2025-03-01,86400,0.2227213349726491,2.8400000000037835,0.4599999999991269,0.7099999999991269,47.84314633271218,0.0036898956633767,0.0424360882825567,0.0077409753263054,0.0121148765091493,100.0,60.35979204584536
TAY,2025-03-02,86400,0.2278009759508459,5.1599999999962165,0.4700000000011641,0.7200000000011642,47.58967117674973,0.0037812416248896,0.1164705750488792,0.0078182664845371,0.0122611088919802,99.99884257919652,60.24501962295212
TAY,2025-03-03,86400,0.2263153058814246,3.5799999999944703,0.4700000000011641,0.7300000000032014,48.46005162096784,0.0037513529767299,0.0686654137971345,0.007837523852504,0.0124401330847468,100.0,60.32898189665311
TAY,2025-03-04,86400,0.2271219679200703,3.060000000004948,0.4700000000011641,0.7399999999979627,48.29685528767694,0.0036952779623159,0.0675999733794014,0.0077137727690569,0.0122112647291214,100.0,61.4627560293897
TAY,2025-03-05,86400,0.2239994797604283,3.680000000000291,0.4700000000011641,0.7399999999979627,49.227421613676086,0.0036107144979226,0.0483720717020332,0.007492718463618,0.0120578856457723,100.0,62.03743880255988
TAY,2025-03-06,86400,0.227383354364323,3.5,0.4700000000011641,0.7399999999979627,47.93342515538374,0.003499167689136,0.0538400346704293,0.0073011526357731,0.0114984803731204,100.0,64.98212560812757
TAY,2025-03-07,86400,0.2255272157510737,3.349999999998545,0.4699999999938882,0.7199999999938882,47.26443593097142,0.0036174164278186,0.0698245796229457,0.0074430549371754,0.0116665077870129,100.0,62.34483095570053
TAY,2025-03-08,86400,0.2220798969570099,4.360000000000582,0.4599999999991269,0.6999999999970896,48.15912221206264,0.0039811623346706,0.0876540386088891,0.0082337379215459,0.0130079537779966,100.0,55.78267808052088
TAY,2025-03-09,86400,0.2248064593810675,3.610000000000582,0.4599999999991269,0.7099999999991269,47.62670864246114,0.0039164556523407,0.0568184861549525,0.0081262174790026,0.0129638845560839,100.0,57.40048637836739
TAY,2025-03-10,86400,0.2233080325496515,3.790000000000873,0.4599999999991269,0.7200000000011642,48.63597958309703,0.0037346886024172,0.0811397217912599,0.0076412921938754,0.0119416498581995,100.0,59.7929456140806
TAY,2025-03-11,86400,0.2209434277616968,4.219999999993888,0.4500000000043656,0.7000000000043656,48.70773967291288,0.0036025427806985,0.0696087672695284,0.0074310030788183,0.0115875477428199,100.0,61.3298553688576
TAY,2025-03-12,86400,0.2229345864497273,2.9800000000032014,0.4599999999991269,0.7100000000064028,48.30032755008739,0.0037732624797401,0.0446996549871983,0.0078359973878832,0.0120915244911157,100.0,59.08271359006952
TAY,2025-03-13,86400,0.2219592242824184,4.470000000001164,0.4599999999991269,0.7099999999991269,47.78874755494855,0.0037791185313728,0.0835079585231142,0.0078563239956565,0.0123938573479244,100.0,58.73306761379987
TAY,2025-03-14,86400,0.224661011192328,3.940000000002328,0.4599999999991269,0.7199999999938882,47.96351809627426,0.0039044185889958,0.0768087401738739,0.0080341274013335,0.0127005692769307,100.0,57.54019606605858
TAY,2025-03-15,86400,0.2249158294034316,3.940000000002328,0.4599999999991269,0.6999999999970896,46.74128172779778,0.0038454516388222,0.0693705120647791,0.0079065398102102,0.0123526004019368,100.0,58.48879415730498
TAY,2025-03-16,86400,0.2251529974639834,3.139999999999418,0.4699999999938882,0.7099999999991269,47.15795321705112,0.0040975639365999,0.0735300668457057,0.008507196343271,0.0134484855335904,100.0,54.94801323243355
TAY,2025-03-17,86400,0.2251804121100619,3.3399999999965075,0.4599999999991269,0.7099999999991269,47.669533212189954,0.0042338666541023,0.0560003904392942,0.0087070810070144,0.0139475691746338,100.0,53.18552294005016
TAY,2025-03-18,86400,0.2260496245613804,3.709999999999127,0.4700000000011641,0.7200000000011642,47.88249864003056,0.0038921383385167,0.0459251157008111,0.0081449838427943,0.0128770319934119,100.0,58.07851747362203
TAY,2025-03-19,86400,0.2267719762901503,4.720000000001164,0.4700000000011641,0.7200000000011642,47.6730054746004,0.0041377157377423,0.1050738283956889,0.0085084929516597,0.013504402047547,99.99884257919652,54.80607915300537
TAY,2025-03-20,86400,0.2239807433873942,3.690000000002328,0.4599999999991269,0.7200000000011642,48.38134700633109,0.004050798620557,0.0858766661549452,0.0083763422473566,0.0134466857288498,100.0,55.29298400454742
TAY,2025-03-21,86400,0.2191677955148934,2.6600000000034925,0.4599999999991269,0.7000000000043656,48.24014166830635,0.0043888850201998,0.0534565628186101,0.0091506733595451,0.0147156409158196,100.0,49.937010073454815
TAY,2025-03-22,86400,0.2217302387712063,2.979999999995925,0.4500000000043656,0.6999999999970896,47.499392354078175,0.0038814771737044,0.0590595877947635,0.0080603252237778,0.0124874905700563,100.0,57.12522031978433
TAY,2025-03-23,86400,0.2159300614550877,3.5499999999956344,0.4400000000023283,0.6699999999982538,47.79106239655552,0.0040618739747526,0.0699233336636098,0.0083418229973176,0.0138001834379974,100.0,53.1602070236751
TAY,2025-03-24,86400,0.212751062425923,3.279999999998836,0.4399999999950523,0.6699999999982538,49.17302283591245,0.0041129591845013,0.0645802410945179,0.0085176488020806,0.0135271494089102,100.0,51.72700550394379
TAY,2025-03-25,86400,0.2072618039226061,3.7399999999979623,0.430000000000291,0.6599999999962165,48.99593745297978,0.0035059584540514,0.0579969197788159,0.0072686298037297,0.0115157681571145,100.0,59.11701652481976
TAY,2025-03-26,86400,0.2118658936387822,2.9899999999979627,0.4399999999950523,0.6700000000055297,49.38367342214609,0.0038648417017398,0.0415262849346618,0.0080200876756862,0.0128478912131686,100.0,54.81877653322445
TAY,2025-03-27,86400,0.2415266723294823,3.900000000001455,0.5,0.7799999999988358,45.852382550723966,0.0038884827122223,0.0677643557864939,0.0079595385148422,0.0131933629182458,100.0,62.11334603808333
TAY,2025-03-28,86400,0.2143280420796362,3.569999999999709,0.4499999999970896,0.680000000000291,48.85010243174112,0.0036418055295895,0.0431793124007526,0.0076160007687576,0.0119794957031263,100.0,58.85213811648586
TAY,2025-03-29,86400,0.2215162695294516,3.769999999996799,0.4400000000023283,0.7200000000011642,48.5815808053334,0.0045642346940962,0.1022195003388333,0.0092241782156634,0.0153369345577085,99.99884257919652,48.53305851415728
TAY,2025-03-30,86400,0.2068247042226987,4.220000000001164,0.4199999999982537,0.6399999999994179,49.585064641951874,0.0039599438088062,0.0977763695045723,0.0080341648244939,0.0130220672393625,100.0,52.22920176557237
TAY,2025-03-31,86400,0.1972279904820243,4.439999999995052,0.4000000000014552,0.6200000000026193,51.75175638606928,0.0040594819561917,0.1139572255488019,0.0082716127086314,0.0135710113706591,99.99884257919652,48.58452200597085
TAY,2025-04-01,86400,0.1974410586883885,3.6999999999970896,0.4099999999962165,0.6399999999994179,51.4380953483258,0.0037120393644378,0.0446659616936813,0.0076933830903726,0.0124277300032555,100.0,53.18937631069477
TAY,2025-04-03,86400,0.2058008624785627,3.5099999999947613,0.4199999999982537,0.6500000000014552,50.02488454727485,0.0036412871678365,0.0962279153027338,0.0074152267465251,0.0119482812579372,100.0,56.51871245967055
TAY,2025-04-04,86400,0.2242861507886086,3.760000000002037,0.4599999999991269,0.7199999999940337,47.48434588363291,0.0039464762594901,0.0713335468390141,0.0082193933027156,0.0131206093686341,100.0,56.832003028634304
TAY,2025-04-05,86400,0.2241226773630712,5.7700000000040745,0.4599999999991269,0.7099999999991269,47.4600400467598,0.0041840609570447,0.0609653839346719,0.0087222254485823,0.0143032926524756,100.0,53.56582507053351
TAY,2025-04-06,86400,0.2259588305473391,3.1699999999982538,0.4700000000011641,0.7300000000032014,47.57693954791144,0.0039016839126237,0.0429738326492952,0.0081390214720158,0.0128850794922618,100.0,57.913156357526205
TAY,2025-04-07,86400,0.2087642222133429,3.679999999993015,0.430000000000291,0.680000000000291,49.73321450479751,0.0036772830054218,0.0485819945024559,0.0075881847653363,0.0124454650671395,100.0,56.7713232429391
TAY,2025-04-08,86400,0.2105268738796394,3.930000000000291,0.430000000000291,0.6899999999950523,50.08970011226982,0.0041268271858609,0.0868830999243073,0.0084314348991028,0.0141992468771059,100.0,51.01422093707167
TAY,2025-04-09,86400,0.2007874903507329,3.680000000000291,0.4199999999982537,0.6200000000026193,50.44271345733168,0.0036508174631095,0.0471892683563055,0.0074994630536821,0.0119492987378907,100.0,54.99795383489676
TAY,2025-04-10,86400,0.1970481032674053,3.1699999999982538,0.4000000000014552,0.6100000000005821,50.29919327769997,0.0035787346273871,0.0532804653266794,0.0073420298314886,0.0118264034515596,100.0,55.06083119558054
TAY,2025-04-11,86400,0.1906045396577825,4.510000000002037,0.3899999999994179,0.5999999999985448,53.45085012558016,0.003705794368765,0.0912536611576797,0.0074996437404479,0.0122191882465268,100.0,51.434192143225935
TAY,2025-04-12,86400,0.2001998876697323,4.040000000000873,0.4099999999962165,0.6100000000005821,49.13830021180801,0.003724713747137,0.0551733088068431,0.0076508629761519,0.0124221800039231,100.0,53.749066695357214
TAY,2025-04-13,86400,0.2106855855632251,4.19999999999709,0.430000000000291,0.6599999999962165,49.27603328742231,0.0035537716610477,0.0755428618067526,0.0072546358984254,0.0114641207273234,100.0,59.28506544560111
TAY,2025-04-14,86400,0.2062282937425104,8.139999999999418,0.4100000000034924,0.6300000000046566,50.4288244076899,0.0035754369872642,0.1799455048167146,0.0070192117585975,0.0113095269897894,99.99652773758956,57.67918562665805
TAY,2025-04-15,86400,0.3328415591726726,10.779999999998836,0.430000000000291,0.75,49.957754140672925,0.0069889123141164,0.2722982160776155,0.0085413625492947,0.0188607282095474,99.91087859813192,47.62422880206425
TAY,2025-04-16,86400,0.2250842385062778,5.669999999998254,0.4400000000023283,0.6899999999950523,48.52139492355236,0.0041279707166991,0.0830675563120166,0.0082896863648784,0.0135750953569368,100.0,54.526607357267785
TAY,2025-04-17,86400,0.1981467979446038,4.559999999997672,0.4099999999962165,0.6300000000046566,51.20661118762949,0.0035697795463908,0.0743463739127037,0.0073805963846098,0.012002645249886,100.0,55.50673236654811
TAY,2025-04-18,86400,0.2736730917410351,7.029999999998836,0.4400000000023283,0.8800000000046566,50.34086042662531,0.0050455040616999,0.1561221754891448,0.0076954824311542,0.015646325454145,99.97916642553731,54.240981345001366
TAY,2025-04-19,86400,0.4933752020570933,20.669999999998254,0.6500000000014552,1.8699999999953436,45.725066262341,0.0095424865471644,0.6240449655451812,0.0122192995739169,0.0303124795349141,99.88310049884836,51.70300210189928
TAY,2025-04-20,86400,0.2053114188559199,3.37000000000262,0.4199999999982537,0.6500000000014552,50.25405386636419,0.0034360190811388,0.0790162366611184,0.0070738130627432,0.0110477612599788,100.0,59.75270042101158
TAY,2025-04-21,86400,0.2003870404755379,5.069999999999709,0.4099999999962165,0.6299999999973807,50.39757404599591,0.0036352310289861,0.0946368962904671,0.0073098981403745,0.0116901015507755,100.0,55.123605301174415
TAY,2025-04-23,86400,0.195519832870801,4.650000000001455,0.4000000000014552,0.6100000000005821,51.89411914489751,0.0035050008806592,0.0711706606525695,0.0071425163783715,0.0115079897135729,100.0,55.78310518947518
TAY,2025-04-24,86400,0.1922484575594009,3.540000000000873,0.4000000000014552,0.5999999999985448,51.60360652322365,0.0035469898877042,0.0875951445996179,0.0071843447738501,0.0115444525251223,100.0,54.20045266315352
TAY,2025-04-25,86400,0.1880480593997299,3.5799999999944703,0.3800000000046566,0.5800000000017462,52.64528524635702,0.0032640936769329,0.0672297595447162,0.0066396253321727,0.0105140440663672,100.0,57.61110983763731
TAY,2025-04-26,86400,0.2009488612946824,4.2700000000040745,0.4099999999962165,0.6200000000026193,50.2725725992199,0.0037146192984164,0.1074697753210784,0.0076390379043004,0.0121492239095096,99.99884257919652,54.09675799785271
TAY,2025-04-27,86400,0.1867383618663546,3.1599999999962165,0.3799999999973806,0.5800000000017462,53.05848447319992,0.0033528507219019,0.0773585323695442,0.0068066906831518,0.0108959968364797,100.0,55.6953999147125
TAY,2025-04-29,86400,0.1930070252259156,3.6699999999982538,0.3899999999994179,0.6099999999933061,51.62096783527586,0.0034060388906494,0.0830748369698994,0.0069602784984454,0.0110421873201267,100.0,56.66612489337988
TAY,2025-05-01,86400,0.2072051789165094,4.6600000000034925,0.4199999999982537,0.6500000000014552,48.84200048611674,0.0035071186579951,0.0821255615810514,0.0071361401307512,0.0111768535962619,100.0,59.08131405393532
TAY,2025-05-02,86400,0.2026471760707059,3.2699999999967986,0.4100000000034924,0.6299999999973807,49.00403939860415,0.0033499130514617,0.0536344571301015,0.0068438545706158,0.0109276765871618,100.0,60.493264421233135
TAY,2025-05-03,86400,0.203050345656285,4.339999999996508,0.4100000000034924,0.6202000000025553,48.81653722844014,0.0034672064950501,0.0860560676155728,0.0071623339856159,0.0112080627071554,100.0,58.5630956470581
TAY,2025-05-04,86400,0.2029948031995686,3.759999999994761,0.4100000000034924,0.6200000000026193,48.529496869176725,0.0034853535423481,0.0855296179797733,0.0070960709192149,0.0111595870647579,100.0,58.24224161907075
TAY,2025-05-05,86400,0.2048004403981313,3.9199999999982538,0.4199999999982537,0.6399999999994179,48.55727496846029,0.0032611818297386,0.0514143036707537,0.0067284297576406,0.0105135261834948,100.0,62.79945462340124
TAY,2025-05-06,86400,0.1897069015633419,4.459999999999127,0.3799999999973806,0.5899999999965075,51.986712809176026,0.0034332840464903,0.0942057787760859,0.0069746570981806,0.0109260146204906,100.0,55.255230542900826
TAY,2025-05-07,86400,0.184847693715781,4.090000000003784,0.3799999999973806,0.5799999999944703,52.62676651350131,0.0033742332326548,0.0576656563571305,0.0068832679120532,0.0109922629306675,100.0,54.78213298123374
TAY,2025-05-08,86400,0.1879228444563805,3.25,0.3800000000046566,0.5800000000017462,51.3999004618109,0.0033976232408096,0.0654769140965072,0.0069806889470783,0.0110112914163619,100.0,55.31008916582789
TAY,2025-05-09,86400,0.1847879584949432,3.6700000000055297,0.3799999999973806,0.569999999999709,52.33856873343441,0.0033485908910322,0.0607622958705178,0.0068915464886231,0.0108305681914498,100.0,55.18379654398402
TAY,2025-05-10,86400,0.2017910724202438,3.279999999998836,0.4100000000034924,0.6200000000026193,48.59315501336821,0.003641970188895,0.0356225336581701,0.0075944433840049,0.0120410713212914,100.0,55.40711809781654
TAY,2025-05-11,86400,0.2004475143118453,2.970000000001164,0.4100000000034924,0.6200000000026193,49.91724441255107,0.0035845770877805,0.0573057762740063,0.0073454393692372,0.0115694949086173,100.0,55.91943187363173
TAY,2025-05-12,86400,0.1851472946960138,3.0800000000017462,0.3799999999973806,0.5899999999965075,53.070058681234734,0.0033571619406237,0.0468560258887009,0.0068722541938768,0.010970013703627,100.0,55.14994448151705
TAY,2025-05-13,86400,0.1855136316914898,3.909999999996217,0.3799999999973806,0.5900000000037835,53.42191460549312,0.0035250681618413,0.069111440119741,0.0071791404268878,0.0115805210085818,100.0,52.62696297536469
TAY,2025-05-15,86400,0.1884393582463516,4.130000000004657,0.3800000000046566,0.5900000000037835,52.61287746385953,0.0031942863050579,0.0527159333214513,0.0064623263206158,0.0102225475679733,100.0,58.992632529206055
TAY,2025-05-16,86400,0.1851908454945384,3.37000000000262,0.3799999999973806,0.5899999999965075,53.29459831711015,0.0032449701688379,0.0749551271728705,0.0064962000666127,0.0106466984569852,100.0,57.07012262112259
TAY,2025-05-17,86400,0.2074145328979487,3.360000000000582,0.4199999999982537,0.6500000000014552,48.19152999456012,0.0035281608795451,0.0545527250651503,0.0073294548914418,0.0115272960058064,100.0,58.78828656642727
TAY,2025-05-18,86400,0.2106386314210438,3.7999999999956335,0.430000000000291,0.6599999999962165,48.28991076285605,0.0034127857919682,0.0767248325064429,0.0070270095107844,0.011212447053258,100.0,61.72043726126732
TAY,2025-05-19,86400,0.1874052968127433,3.540000000000873,0.3800000000046566,0.5999999999985448,52.64760008796399,0.0033120793962831,0.0510628612682921,0.0068003731481439,0.0108585638397198,100.0,56.58236845604283
TAY,2025-05-20,86400,0.1894150536641605,3.5100000000020373,0.3899999999994179,0.5999999999985448,51.61633815206195,0.0034729047378495,0.0428954418457578,0.0071213141287444,0.0114472978567937,100.0,54.54081465157245
TAY,2025-05-23,86400,0.1916926505579097,2.8400000000037835,0.3899999999994179,0.5900000000037835,50.8605423673885,0.0032850806730818,0.0448239646357251,0.006810820550163,0.0105781311521423,100.0,58.352494071241
TAY,2025-05-24,86400,0.1984750831772463,3.970000000001164,0.4000000000014552,0.6200000000026193,49.59548142918321,0.0032724797471744,0.0846941111594787,0.006615235688514,0.0101851605676347,100.0,60.64975139661702
TAY,2025-05-25,86400,0.1959113644434406,3.1299999999973807,0.4000000000014552,0.6199999999953434,50.201969930207525,0.0039481205130946,0.0427959098669816,0.0080765417267684,0.0129885030307923,100.0,49.62142461053183
TAY,2025-05-27,86400,0.1832454609531671,3.180000000000291,0.3700000000026193,0.5800000000017462,52.766814430722576,0.003170986727516,0.0395113676495384,0.0065819808878586,0.0101782663878111,100.0,57.78815133638848
TAY,2025-05-28,86400,0.1862894730926413,3.6299999999973807,0.3800000000046566,0.5899999999965075,52.523756061991456,0.0038924251343374,0.0435495454730698,0.0079947242054913,0.0132158917859488,100.0,47.8594877526115
TAY,2025-05-29,86400,0.191712899193903,3.3800000000046566,0.3899999999994179,0.5900000000037835,50.48669544786398,0.0037500405841522,0.109962203008763,0.0077057904869434,0.0125077613146277,99.99884257919652,51.12288649700507
TAY,2025-05-30,86400,0.1933866888501482,2.709999999999127,0.3999999999941792,0.5999999999985448,49.96122640308337,0.0035025517124166,0.0407434241351438,0.0072336330114921,0.0116484680070425,100.0,55.21308596511857
TAY,2025-05-31,86400,0.2104295435635176,5.379999999997381,0.4100000000034924,0.6500000000014552,48.89987152629081,0.0033259295066185,0.0773132398753659,0.0066198247935972,0.0103901119105285,100.0,63.269393738351255
TAY,2025-06-01,86400,0.227634753275926,3.319999999999709,0.4499999999970896,0.7399999999979627,47.32346439194898,0.0045488499076119,0.088174296048237,0.0092397089472797,0.0155822406739753,100.0,50.04226515475092
TAY,2025-06-02,86400,0.2065298704405445,3.8700000000026193,0.4199999999982537,0.6500000000014552,48.5561175476568,0.0041478228622213,0.0549719810660462,0.0085529664647765,0.0140981073919102,100.0,49.79235547203308
TAY,2025-06-03,86400,0.1838533593327341,3.069999999999709,0.3799999999973806,0.5800000000017462,52.77375895554347,0.0036092800030148,0.0468274583399761,0.0075018818053649,0.0119240583654027,100.0,50.93906793826529
TAY,2025-06-04,86400,0.1857592547165669,3.569999999999709,0.3700000000026193,0.5800000000017462,52.68579497447888,0.0034649539971076,0.0721120303423958,0.0069966811737685,0.0115331368730403,100.0,53.610886268047885
TAY,2025-06-05,86400,0.189216424600987,4.149999999994179,0.3799999999973806,0.5800000000017462,51.26448222780356,0.0035106415748082,0.0799138028742163,0.0071308789840259,0.0117104411723267,100.0,53.8979615306996
TAY,2025-06-06,86400,0.1843107226302544,3.75,0.3699999999953434,0.5600000000049477,52.93695528883436,0.003336012382,0.0691916666182805,0.006609519921767,0.0107220855921332,100.0,55.24881249526543
TAY,2025-06-07,86400,0.1894028336043413,2.860000000000582,0.3800000000046566,0.5899999999965075,50.54688132964502,0.0039567669658091,0.0446035992208635,0.0080825004981306,0.0133480292309832,100.0,47.86807896273034
TAY,2025-06-08,86400,0.1942151991397029,3.5100000000020373,0.3899999999994179,0.5900000000037835,50.7424854454334,0.0034228133823578,0.0814958023765939,0.0069225063649355,0.0111643502378137,100.0,56.74139293833617
TAY,2025-06-09,86400,0.1867652507714514,3.680000000000291,0.3700000000026193,0.5799999999944703,52.13370525121819,0.0034013860534423,0.0847580400222796,0.0068508536242006,0.0110222006490221,100.0,54.90857191218505
TAY,2025-06-10,86400,0.1805624718374723,4.069999999999709,0.3600000000005821,0.5599999999976717,52.605932939038645,0.0031657634141469,0.0827243247404112,0.0064363499979663,0.0102931977565458,100.0,57.03599674364551
TAY,2025-06-11,86400,0.1820989670080595,3.150000000001455,0.3700000000026193,0.569999999999709,52.95663144249355,0.0033650436371621,0.0459816991788102,0.0068813077472441,0.0111314252964803,100.0,54.11489020318116
TAY,2025-06-12,86400,0.1825033460648825,3.5800000000017462,0.3700000000026193,0.5602000000048836,52.86982488223243,0.0033008315055403,0.0767459402341046,0.0066876493561721,0.0106941744736104,100.0,55.2901127195571
TAY,2025-07-15,86400,0.2017788858264519,3.139999999999418,0.4100000000034924,0.6199999999953434,48.33505017419183,0.0035785653865465,0.0532323195948265,0.0073226283035182,0.0115496527637878,100.0,56.38541258143378
TAY,2025-07-16,86400,0.2027226549494047,4.139999999999418,0.4100000000034924,0.6199999999953434,47.773701084503294,0.0040073120220419,0.0743238176073646,0.0081444276343972,0.0131320324205444,100.0,50.588188237839184
TAY,2025-07-19,86400,0.2066438663526996,5.0,0.4199999999982537,0.6200000000026193,46.32113797613398,0.0037688615059079,0.061077347563696,0.0077113049766921,0.0122621639134013,100.0,54.82925439789831
TAY,2025-07-20,86400,0.205794902997684,4.540000000000873,0.4100000000034924,0.6299999999973807,47.87671153601315,0.0037249341701273,0.1081978337897453,0.0073473466887662,0.0116280782084504,99.99884257919652,55.24793017628049
TAY,2025-07-22,86400,0.1984155372165224,4.459999999999127,0.4000000000014552,0.6100000000005821,47.88712832324448,0.0037378918556376,0.0591758247974212,0.0075696066553064,0.011960560298321,100.0,53.08220377327971
TAY,2025-07-25,86400,0.2047209894100157,4.2299999999959255,0.4100000000034924,0.6200000000026193,47.02253498304378,0.0036973944320258,0.0679732905919081,0.0074931354080035,0.0120069807981781,100.0,55.36898838311788
TAY,2025-07-26,86400,0.2217314880188223,4.450000000004366,0.4400000000023283,0.6699999999983993,44.888251021423855,0.0037689944748694,0.1390968685445841,0.0074301471795479,0.0116675801876408,99.99884257919652,58.83040939391952
TAY,2025-07-27,86400,0.2184968799431058,3.459999999999127,0.4400000000023283,0.6700000000055297,45.67992685100522,0.0036063928924195,0.0564163376766373,0.0073913883570639,0.0115431188314687,100.0,60.58598893697645
TAY,2025-07-28,86400,0.2063391907374412,3.5,0.4199999999982537,0.6200000000026193,46.00284725517657,0.0034124930727553,0.0679893179913051,0.0068960612545197,0.0107412335563276,100.0,60.46581964498215
TAY,2025-07-31,86400,0.2056008434382591,2.970000000001164,0.4199999999982537,0.6200000000026193,46.29683213926087,0.003769711354938,0.0785892457424779,0.0077164124559203,0.0122686386869463,100.0,54.54020852668168
TAY,2025-08-02,86400,0.2157947939573992,4.059999999997672,0.430000000000291,0.6600000000034925,44.98778921052328,0.0037358597999833,0.0819974464611732,0.0075693300379498,0.012063622152782,100.0,57.7630868001524
TAY,2025-08-03,86400,0.2105732343023528,3.540000000000873,0.430000000000291,0.6399999999994179,45.319968981122464,0.0037796513101937,0.0642390737120877,0.0077000972116365,0.0120095175303868,100.0,55.71234406695712
TAY,2025-08-04,86400,0.2048730625778406,3.75,0.4099999999962165,0.6100000000005821,45.31881156031898,0.0040920032064282,0.0545313719194382,0.0082892643389641,0.0134449405258056,100.0,50.0666915915246
TAY,2025-08-05,86400,0.20290205446563,2.9499999999970896,0.4099999999962165,0.6100000000005821,45.68687137582611,0.0037503773522972,0.0420681563482503,0.0076061654741351,0.0121915574443119,100.0,54.10177039578231
TAY,2025-08-06,86400,0.199755259120571,3.5,0.4099999999962165,0.5999999999985448,46.1324783851665,0.0034319829931085,0.0602968311868608,0.0070147727274161,0.0110292200585536,100.0,58.20403523661868
TAY,2025-08-07,86400,0.2028073730460922,3.7000000000043656,0.4100000000034924,0.6100000000005821,45.32344124353291,0.0036353996291913,0.071023872376827,0.0074518145505862,0.011674593079806,100.0,55.78681676749181
TAY,2025-08-08,86400,0.2054842219784072,3.069999999999709,0.4100000000034924,0.6200000000026193,44.426440120834734,0.00374444568996,0.0562992327686515,0.0076950228416535,0.012279855809029,100.0,54.87707365458535
TAY,2025-08-09,86400,0.2186588728148562,3.9499999999970896,0.4400000000023283,0.6700000000055297,43.12549913772151,0.0036128310381677,0.0560841703409096,0.0074384195606398,0.011438349965756,100.0,60.52286155768508
TAY,2025-08-10,86400,0.2158836311265011,3.5799999999944703,0.430000000000291,0.6599999999962165,44.31648514450399,0.0039017187430099,0.0483540437198826,0.0079793085817073,0.0127555481686431,100.0,55.33039290900511
TAY,2025-08-11,86400,0.2041059656325513,2.6900000000023283,0.4100000000034924,0.6100000000005821,45.38825680852788,0.00343543386662,0.0633635395133751,0.0069893727057205,0.0110395677117048,100.0,59.4119908860162
TAY,2025-08-12,86400,0.2018153739067064,2.599999999998545,0.4099999999962165,0.6100000000005821,45.68224169261219,0.0036950606964275,0.0623201782655087,0.0075463275017682,0.01214843149035,100.0,54.6176072417991
TAY,2025-08-13,86400,0.2031743710556561,3.0,0.4100000000034924,0.6000000000058208,45.48663757682381,0.0034770569935248,0.0684550107835093,0.0071202811290277,0.0112402953820128,100.0,58.43285611239235
TAY,2025-08-13,86400,0.2031743710556561,3.0,0.4100000000034924,0.6000000000058208,45.48663757682381,0.0034770569935248,0.0684550107835093,0.0071202811290277,0.0112402953820128,100.0,58.43285611239235
TAY,2025-08-21,86400,0.1601331561453009,2.819999999999709,0.3199999999997089,0.5299999999988358,60.04814870542483,0.0029465754602977,0.044801458105212,0.0059812492698256,0.009906784229388,100.0,54.34551337598397
TAY,2025-08-22,86400,0.193730130742176,3.4100000000034925,0.3899999999994179,0.6300000000046566,51.78300674776328,0.0033150576867757,0.0668745390939875,0.0065965815025265,0.0109085397121089,100.0,58.439444796557495
TAY,2025-08-23,86400,0.1332200475147782,2.8399999999965075,0.2599999999947613,0.4000000000014552,62.39539809488536,0.0026610460169701,0.0404928613643278,0.0052802422207605,0.0086311474903778,100.0,50.06303784870215
TAY,2025-08-24,86400,0.1517938046688997,2.6899999999950523,0.2600000000020372,0.4199999999982537,61.893077466174375,0.0033708797193152,0.0627878251689253,0.0067751579597825,0.011570458329952,100.0,45.03091693070104
TAY,2025-08-25,86400,0.1359271051975815,3.3799999999973807,0.2600000000020372,0.3899999999994179,62.349101262746096,0.0029976669978088,0.0860670703696087,0.0057295761951536,0.0096656910778256,100.0,45.34429783281188
TAY,2025-08-26,86400,0.1259029661305149,2.9400000000023283,0.2399999999979627,0.3700000000026193,65.33871919813888,0.0024974238016098,0.0850987604717374,0.0048650244600139,0.0077000994828995,100.0,50.41313612809475
TAY,2025-08-27,86400,0.1279780097518221,4.090000000003784,0.2300000000032014,0.3699999999953434,65.93247607032488,0.0025834237058429,0.0847704178013373,0.004631414553296,0.007578922319808,100.0,49.53814173526269
TAY,2025-08-29,86400,0.1698589031836372,3.860000000000582,0.3499999999985448,0.5400000000008731,56.66963738006226,0.0033948916090577,0.1134646058271755,0.0067086657574691,0.0115359755173267,99.99884257919652,50.03367491333472
TAY,2025-08-30,86400,0.1653246635568381,3.220000000001164,0.3399999999965075,0.569999999999709,59.92661952105928,0.0030049774409826,0.0423622585076373,0.0059815021391841,0.0101569240637763,100.0,55.0169399766805
TAY,2025-08-31,86400,0.2458193622686579,3.5,0.5,0.75,41.5409900577553,0.0038887954985689,0.0838641870868741,0.007993695911864,0.0122947753602056,100.0,63.212211157904
TAY,2025-09-01,86400,0.201172918968728,4.5200000000040745,0.4099999999962165,0.6100000000005821,47.6290234840681,0.0035622986461841,0.0808671230261097,0.0070916770659096,0.0113352500722976,100.0,56.47278313617743
TAY,2025-09-02,86400,0.15307620088671,5.619999999995343,0.2900000000008731,0.4699999999938882,61.02964154677716,0.0030669290159723,0.0890610054921126,0.0061556982735055,0.0102254461857956,100.0,49.91188255078167
TAY,2025-09-03,86400,0.1228471790325895,2.569999999999709,0.2399999999979627,0.3699999999953434,66.113033715668,0.002980415341632,0.0573661109738168,0.005819550758315,0.0096632384195982,100.0,41.21814073205724
TAY,2025-09-04,86400,0.1311989012650566,3.780000000006112,0.2400000000052387,0.3799999999973806,65.94636511996667,0.0030237589325987,0.0980662254223716,0.005302189640497,0.0091767237636668,100.0,43.389338947370206
TAY,2025-09-05,86400,0.1266592713668733,3.7000000000043656,0.2399999999979627,0.3600000000005821,66.32252688109817,0.0029844115631961,0.1176509169308701,0.0055082616898289,0.0093213988750358,99.99884257919652,42.440282997961205
TAY,2025-09-06,86400,0.1752237129361978,3.309999999997672,0.2600000000020372,0.4500000000043656,62.839847683422256,0.0033540669692529,0.0626364525232929,0.006091235934582,0.011673079944303,100.0,52.24216286980828
TAY,2025-09-07,86400,0.1260112232102903,3.479999999995925,0.2400000000052387,0.3699999999953434,65.3931179759025,0.0028115082223865,0.0568159368340275,0.0054869524945388,0.0092461128205468,100.0,44.81979535471702
TAY,2025-09-08,86400,0.1265384079950256,3.289999999993597,0.2399999999979627,0.3600000000005821,64.56440468060973,0.0028919995599327,0.0804544461352634,0.0053825507995497,0.0092166982607159,100.0,43.75464287906491
TAY,2025-09-09,86400,0.1535065241204724,3.4499999999970896,0.3099999999976717,0.4899999999979627,59.52615192305466,0.0030142892007918,0.0787956160638714,0.0060007885207596,0.009721065423073,100.0,50.92627609494784
TAY,2025-09-10,86400,0.2151499037728365,4.150000000001455,0.4499999999970896,0.7099999999991269,48.3744024815102,0.0036858858041903,0.0735603964640176,0.0075557811847829,0.0121113585692364,100.0,58.37128851628302
TAY,2025-09-11,86400,0.2442519119081989,6.239999999997963,0.5199999999967986,0.8299999999944703,47.096609914466605,0.0040792755774921,0.1006586991206859,0.0082689551847579,0.0136666206807422,99.99884257919652,59.87629597667083
TAY,2025-09-12,86400,0.127337673768264,3.6300000000046566,0.2399999999979627,0.3600000000005821,65.54242525955162,0.0025977727785855,0.0693161157760187,0.0048426339511934,0.008044883388211,100.0,49.01801834592322
TAY,2025-09-13,86400,0.1240785827361384,3.0500000000029104,0.2300000000032014,0.3600000000005821,65.16394865681315,0.0027500392923204,0.0874934757157461,0.0051576289268268,0.0087002919235965,100.0,45.11883995167355
TAY,2025-09-17,86400,0.1569080312802086,4.190000000002328,0.2399999999979627,0.3899999999994179,63.4579103924814,0.0030067311834771,0.0754269253375241,0.0051038988109212,0.0100873803357535,100.0,52.18558682275192
TAY,2025-09-19,86400,0.129384584920704,6.260000000002037,0.2399999999979627,0.3700000000026193,64.43245870901283,0.0030136420346778,0.1224156935495557,0.0056239653611555,0.0093369611153321,99.99884257919652,42.93296396484722
TAY,2025-09-21,86400,0.1362312698284616,5.730000000003201,0.2400000000052387,0.3700000000026193,62.03891248741304,0.0030403002744599,0.1058097163768252,0.0056580495293019,0.0098302299508941,99.99884257919652,44.80849175591749
TAY,2025-09-22,86400,0.134787297858665,4.259999999994761,0.2399999999979627,0.3699999999953434,62.185904929455205,0.0030247519384417,0.1365674845073954,0.0055927983266883,0.0098887209771783,99.99884257919652,44.56143860958743
TAY,2025-09-24,86400,0.211739924697434,3.5900000000037835,0.4399999999950523,0.6699999999982538,46.09081123624116,0.0038116468110048,0.0734924236094229,0.0078407041764876,0.0125438936725549,100.0,55.55077244579783
TAY,2025-09-25,86400,0.1717047614239502,2.9100000000034925,0.3499999999985448,0.5400000000008731,53.36983066933645,0.0030453341008946,0.0548727841232903,0.0061748721185722,0.010085763871466,100.0,56.38289779670693
TAY,2025-09-26,86400,0.1374513472815257,5.889999999999418,0.25,0.3799999999973806,61.73914049931133,0.0026970567648057,0.0823308789622387,0.0049835790494398,0.0084193089125619,100.0,50.9634609935473
TAY,2025-09-28,86400,0.133642292197633,3.529999999998836,0.25,0.3800000000046566,61.617611314945776,0.0026958102817678,0.0714449043443892,0.0051802135640173,0.0085875898551603,100.0,49.57407168149096
TAY,2025-09-29,86400,0.1405485225569157,5.69999999999709,0.25,0.3899999999994179,60.90464010000116,0.0031393266845277,0.1062899710232159,0.0059333269120543,0.0103901755985862,99.99768515839304,44.77027612476297
TAY,2025-09-30,86400,0.1722442710937418,4.029999999998836,0.3400000000037835,0.5499999999956344,54.5503998888876,0.0033592777649183,0.0656268301463569,0.0067002158801187,0.0113815185510611,100.0,51.27419734124174
TAY,2025-10-01,86400,0.1915903887372622,3.809999999997672,0.3899999999994179,0.6100000000005821,50.60938205303302,0.0033346354440484,0.0710357290881802,0.0069069698714883,0.011291473666497,100.0,57.4546729003766
TAY,2025-10-02,86400,0.1360697665332535,3.059999999997672,0.25,0.3799999999973806,61.29121864836399,0.0027189915688184,0.0537352425671997,0.005295981252857,0.0090629840367182,100.0,50.04420316843468
TAY,2025-10-03,86400,0.1324917324470201,4.1599999999962165,0.25,0.3700000000026193,62.04006990821653,0.002773985186075,0.046957493010268,0.0054248900567472,0.0091477531837881,100.0,47.76223501997869
TAY,2025-10-04,86400,0.1325303232299615,3.0900000000037835,0.25,0.3799999999973806,62.32942510908691,0.0027584746436181,0.0390212095589959,0.0054272840527119,0.0091679862853198,100.0,48.04478572552163
TAY,2025-10-05,86400,0.131113816944754,3.7999999999956335,0.2399999999979627,0.3699999999953434,62.74262433592981,0.0028655529167621,0.0731506035808706,0.0053027302819828,0.0092236533670802,100.0,45.755154662139525
TAY,2025-10-06,86400,0.1464084842234506,3.5,0.2799999999988358,0.4399999999950523,60.193983726663504,0.0029196738558156,0.0772954058047616,0.0055657664881436,0.0094872454226424,100.0,50.14549275141746
TAY,2025-10-07,86400,0.1797656179994849,3.809999999997672,0.3600000000005821,0.569999999999709,53.1533929790854,0.0034434146503627,0.0751904800999909,0.0070833014397066,0.011578782525321,100.0,52.20562615900473
TAY,2025-10-08,86400,0.1350515446016919,3.970000000001164,0.25,0.3799999999973806,63.58985636407829,0.0026963590248666,0.0770097303538932,0.0051419755800452,0.0086121794262726,100.0,50.08663286532549
TAY,2025-10-09,86400,0.1317837191506673,3.5500000000029104,0.25,0.3800000000046566,65.44404449125568,0.0031209376058952,0.1136386072321329,0.0057232110739278,0.010173481892707,99.99884257919652,42.22568207051384
TAY,2025-10-10,86400,0.1263203563698583,4.440000000002328,0.2300000000032014,0.3699999999953434,67.55286519519902,0.0028508845836391,0.0611249849607702,0.0055724068253766,0.0093362676069955,100.0,44.30917935102783
TAY,2025-10-11,86400,0.1581789392424585,4.210000000006403,0.3100000000049476,0.5,60.727554717068486,0.003235629935129,0.123307500325609,0.0062557547236792,0.0104663364248699,99.99884257919652,48.88659777690609
TAY,2025-10-12,86400,0.182492737979634,2.6899999999950523,0.3799999999973806,0.6100000000005821,55.51105915577727,0.0034501973426705,0.0381225003948202,0.0072336057746724,0.0127814881441008,100.0,52.89342023128676
TAY,2025-10-13,86400,0.1277156179321814,4.089999999996508,0.2300000000032014,0.3600000000005821,66.44289864466025,0.0024739098214426,0.0815944864007178,0.0045885502418968,0.0075872173199604,100.0,51.62500943792689
TAY,2025-10-15,86400,0.1366993345754789,3.619999999995344,0.25,0.4200000000055297,65.79358557390711,0.0032158867591422,0.0867585592204704,0.0059018968589953,0.0104713671185891,100.0,42.50750874369496
TAY,2025-10-16,86400,0.1189012777032438,2.7599999999947613,0.2200000000011641,0.3600000000005821,68.74269378117802,0.0027924197907243,0.0729335281212115,0.0054113696351123,0.0092933207174064,100.0,42.58001538866839
TAY,2025-10-17,86400,0.170099304932585,4.430000000000291,0.3499999999985448,0.5899999999965075,60.344448431116106,0.0032840946905489,0.0693327310073073,0.0065135275995999,0.0107512887778284,100.0,51.79488440765897
TAY,2025-10-18,86400,0.2449960013971363,3.569999999999709,0.5099999999947613,0.7402000000051746,40.92987187351705,0.0045221871841283,0.0426658796932315,0.0094031823762634,0.0147026428498793,100.0,54.176439711038384
TAY,2025-10-19,86400,0.1893321089068494,3.0500000000029104,0.3899999999994179,0.6300000000046566,54.74831884628294,0.0030453319175266,0.0701413177084759,0.0062565774234826,0.0102157248712319,100.0,62.17125553868944
TAY,2025-10-20,86400,0.1192851309431707,2.8000000000029104,0.2200000000011641,0.3600000000005821,68.39778238174053,0.0025132295589663,0.051168511621654,0.0049056120325985,0.0085011357026815,100.0,47.46288713266841
TAY,2025-10-21,86400,0.1595361095499888,3.930000000000291,0.3199999999997089,0.5499999999956344,62.02386601696779,0.003114530337304,0.0945744931523222,0.0060554162184416,0.0102384284605796,100.0,51.22316761148086
TAY,2025-10-22,86400,0.2182719141404818,3.560000000004948,0.4500000000043656,0.6899999999950523,46.664891954768,0.0039093631634194,0.1056352879459154,0.0080050509117427,0.0127259012438298,99.99884257919652,55.83311269903341
TAY,2025-10-23,86400,0.1751755165329074,3.2300000000032014,0.3600000000005821,0.5900000000037835,57.19510642484288,0.0034427328004342,0.0578152353336918,0.0071235865398193,0.0120377559537882,100.0,50.88269309193179
TAY,2025-10-24,86400,0.1181058390496675,3.0500000000029104,0.2200000000011641,0.3600000000005821,70.5112327688978,0.0028979787870904,0.1049006078392267,0.0054429267198429,0.0096660760053783,99.99884257919652,40.75455608406655
TAY,2025-10-25,86400,0.1205116894546581,3.0199999999967986,0.2200000000011641,0.3600000000005821,69.42788689683908,0.0031539627421711,0.0506357842168654,0.0065815115616715,0.0105277830752311,100.0,38.20961097767721
TAY,2025-10-26,86400,0.1163835289696687,3.889999999999418,0.2100000000064028,0.3400000000037835,70.70336462227573,0.0024484063367032,0.0822487609912059,0.0045932596956845,0.0078567423255299,100.0,47.53440112348405
TAY,2025-10-27,86400,0.1202347123533672,3.279999999998836,0.2200000000011641,0.3800000000046566,71.78786791513791,0.0026296629135632,0.0508325166738359,0.0051119674346409,0.008709532381763,100.0,45.72248088813985
TAY,2025-10-28,86400,0.1794885096858669,6.759999999994761,0.3700000000026193,0.6300000000046566,61.15464299355317,0.0032645479023671,0.1216701330631622,0.0064277197983756,0.0106513689381245,99.99652773758956,54.98112296062155
TAY,2025-10-29,86400,0.2036086061915314,3.970000000001164,0.430000000000291,0.7200000000011642,55.75758978691883,0.0036007505206353,0.0685607585328398,0.0075710242446802,0.0127911365820909,100.0,56.546157521365416
TAY,2025-10-30,86400,0.1212875850354355,3.559999999997672,0.2200000000011641,0.3599999999934516,69.52973992754545,0.0026118162920517,0.0669279800349613,0.0050873751664767,0.0086650589448981,100.0,46.43802297967847
TAY,2025-10-31,86400,0.1222018287664173,3.469999999993888,0.2200000000011641,0.3600000000005821,69.76816861306266,0.002598399530192,0.0523418380107614,0.0050616842876479,0.0085923600198293,100.0,47.02965317668355
TAY,2025-11-01,86400,0.1146053477136791,2.87000000000262,0.2200000000011641,0.3499999999985448,71.33647380178012,0.002524468268871,0.0510129522590432,0.0050213648806675,0.0082862415189447,100.0,45.397816673501545
TAY,2025-11-02,86400,0.1645067669258001,2.889999999999418,0.3300000000017462,0.5800000000017462,63.381520619451614,0.0030469503647074,0.054560341151955,0.0060933136497623,0.0102768475541961,100.0,53.99062904905761
TAY,2025-11-03,86400,0.2163157171712671,3.5499999999956344,0.4500000000043656,0.6999999999970896,49.77835391613329,0.0037522883311914,0.0505581741454079,0.0078403043255093,0.0125573776404781,100.0,57.64901255467607
TAY,2025-11-04,86400,0.2202127256106365,3.139999999999418,0.4699999999938882,0.7300000000032014,49.44501672473061,0.0036492879669691,0.0452287606240133,0.0076631208852631,0.0122732946385804,100.0,60.344025339601714
TAY,2025-11-05,86400,0.250669026417337,3.0500000000029104,0.5299999999988358,0.7900000000008731,42.64401208347319,0.0042795232593323,0.0837129835854284,0.0089418380339338,0.014012086528819,100.0,58.57405397017795
TAY,2025-11-06,86400,0.2311363386171537,4.700000000004366,0.4799999999959254,0.7299999999959255,45.10931839488883,0.0038403336754271,0.0775722033940837,0.007951357615093,0.0125802652853599,100.0,60.18652494597585
TAY,2025-11-07,86400,0.2243648629923107,4.25,0.4600000000064028,0.7000000000043656,46.589659602541694,0.0038018596501209,0.0682673269620863,0.0079061383104999,0.0125739492602588,100.0,59.014504369239496
TAY,2025-11-08,86400,0.1975258312064156,5.05000000000291,0.4100000000034924,0.6599999999962165,55.06776698804384,0.0035937924367396,0.096199947882269,0.0072284970534383,0.012240656355716,100.0,54.96306050737101
TAY,2025-11-09,86400,0.145400581341242,3.309999999997672,0.2799999999988358,0.5,67.06096135371938,0.0027487718978048,0.0645929580350639,0.0053464376265765,0.0094917605494265,100.0,52.89656133506886
HZC,2025-01-01,86400,0.1286007453589905,1.0600000000049477,0.2900000000008731,0.4599999999991269,73.8237711084619,0.0028420454569668,0.0341094099931069,0.0060301623816485,0.0097205484831647,100.0,45.24936256684312
HZC,2025-01-02,86400,0.1295268812891576,1.0400000000008731,0.2999999999956344,0.4700000000011641,73.8932163566708,0.00295391434987,0.0293715262450859,0.0062200100270274,0.010416192888224,100.0,43.84923389908193
HZC,2025-01-03,86400,0.1379077455864231,0.9800000000032014,0.3199999999997089,0.5,72.07838053681176,0.002231167628221,0.0211088252399349,0.0047623892423871,0.0076353844374534,100.0,61.8096747999936
HZC,2025-01-04,86400,0.1344130813165837,1.0300000000061118,0.3099999999976717,0.4800000000032014,72.55986759106008,0.0024970201042021,0.0217079716821899,0.0053467302539502,0.0085710083048616,100.0,53.82939490016691
HZC,2025-01-05,86400,0.1348771133760777,1.0,0.3099999999976717,0.4899999999979627,72.37468026250303,0.0024168678522529,0.0249569673032965,0.0051995335743413,0.0083341824251692,100.0,55.80657345189119
HZC,2025-01-06,86400,0.1397689878894618,1.0899999999965075,0.3199999999997089,0.5,71.9325455155731,0.0022710061527701,0.0221836771088419,0.0048968940718623,0.0078013082945836,100.0,61.54496219987254
HZC,2025-01-07,86400,0.144575844106714,1.1699999999982538,0.3300000000017462,0.5200000000040745,71.00429403118092,0.0025522049030988,0.037782117993629,0.0055134445938165,0.0089273342859814,100.0,56.64742821962504
HZC,2025-01-08,86400,0.1441852968523856,1.1299999999973809,0.3300000000017462,0.5199999999967986,71.00197918957394,0.0025692427244023,0.0269348739602719,0.0054935467414907,0.0088661337718076,100.0,56.11976456206687
HZC,2025-01-09,86400,0.1410972327052516,1.0400000000008731,0.3299999999951978,0.5099999999947613,71.6999039340733,0.0022287856739633,0.0188719352954649,0.0048432562805828,0.007658930204343,100.0,63.30677475642428
HZC,2025-01-10,86400,0.1355960910117171,0.9499999999970896,0.3099999999976717,0.4899999999979627,72.48579265963726,0.0024856951481018,0.0239411092479713,0.0053023201733594,0.0085349381170817,100.0,54.550571521495925
HZC,2025-01-11,86400,0.1349817888021353,1.0300000000061118,0.3099999999976717,0.4899999999979627,72.64551673051771,0.0024565113213922,0.03377889492549,0.0052828786123427,0.0084282920268015,100.0,54.94857181064504
HZC,2025-01-12,86400,0.1348275760898317,1.110000000000582,0.3099999999976717,0.4899999999979627,72.76704591488328,0.0023283743512997,0.0229799754233681,0.004999113586382,0.0080436022501089,100.0,57.90631388662253
HZC,2025-01-13,86400,0.135631357496546,0.8899999999994179,0.3099999999976717,0.4899999999979627,72.39319899535874,0.0024494536969034,0.0277025243049138,0.0052002296964928,0.0085634639285854,100.0,55.37208464590895
HZC,2025-01-14,86400,0.1320871498732186,1.1299999999973809,0.3000000000029104,0.4799999999959254,72.87121378719661,0.0021941523432025,0.0184767478494904,0.0047696254434413,0.0076034579628321,100.0,60.1996257106859
HZC,2025-01-15,86400,0.1375322940240708,0.9400000000023284,0.3110000000043365,0.4900000000052387,72.27745691501059,0.0026645388622238,0.0344795374985551,0.0057308727540657,0.0092053902959742,100.0,51.61579585957619
HZC,2025-01-16,86400,0.1347704863241337,1.0199999999967986,0.3099999999976717,0.4900000000052387,73.2033935577958,0.0024618131298014,0.0250913721392862,0.0052599153241317,0.0086375555329141,100.0,54.744401448643366
HZC,2025-01-17,86400,0.1343043736491828,1.0400000000008731,0.3000000000029104,0.4800000000032014,72.99390039236565,0.0023504985333263,0.0266191617702133,0.0050202496160636,0.0081578850658843,100.0,57.13867576934096
HZC,2025-01-18,86400,0.1356466760560776,1.069999999999709,0.3099999999976717,0.4899999999979627,72.71959166194053,0.0026833453874966,0.0307388996370718,0.0057878882893419,0.0093003669327299,100.0,50.55132918691179
HZC,2025-01-20,86400,0.1438885193809897,1.0299999999988358,0.3300000000017462,0.5200000000040745,71.60962511140175,0.0027631411620634,0.0304074277737527,0.0059577886015176,0.0095946496110991,100.0,52.07425567120156
HZC,2025-01-21,86400,0.1441568912818663,1.069999999999709,0.3300000000017462,0.5200000000040745,71.73231171657079,0.0025140160067787,0.0292661183339077,0.0054356975990231,0.0087983198557049,100.0,57.34127819227294
HZC,2025-01-22,86400,0.1392001390731023,1.0100000000020373,0.3199999999997089,0.5100000000020373,72.28671628143844,0.0025009346189763,0.0246181087495642,0.005334975371079,0.0087152687758498,100.0,55.65924753139735
HZC,2025-01-23,86400,0.1378517722339988,1.1199999999953434,0.3100000000049476,0.5099999999947613,72.56912695748794,0.0023964799377166,0.0255199909952352,0.0050865973738837,0.0083275772353226,100.0,57.5226063890265
HZC,2025-01-24,86400,0.135121580340949,1.0900000000037835,0.3099999999976717,0.4900000000052387,73.0413546453084,0.0022338696831302,0.0230906120996223,0.0048225564729364,0.0076666871318593,100.0,60.48767361000087
HZC,2025-01-25,86400,0.1317584707522395,1.0399999999935972,0.3000000000029104,0.4800000000032014,73.6547876711536,0.0024008024607998,0.0240209139956277,0.0051034987394814,0.0084855953911028,100.0,54.88101284828743
HZC,2025-01-26,86400,0.1375206775855623,0.9899999999979628,0.3099999999976717,0.5,72.52861722936608,0.0026377332966312,0.0278527194532216,0.0056637305679032,0.0092762925451097,100.0,52.13592962907127
HZC,2025-01-27,86400,0.1377375192405499,1.0400000000008731,0.3100000000049476,0.5,72.75894396925891,0.002301395536573,0.0263694146706257,0.0049734505271771,0.0080877164956473,100.0,59.84956388062028
HZC,2025-01-28,86400,0.1392743375991197,1.0800000000017462,0.3199999999997089,0.5199999999967986,72.67908193381868,0.0023454556513731,0.0217927045960095,0.0050116292899474,0.0081459880337934,100.0,59.38050351035291
HZC,2025-01-29,86400,0.1389755159938485,1.0199999999967986,0.3199999999997089,0.5100000000020373,72.44875519392585,0.0025216213718249,0.0272037021277355,0.0054543068850762,0.0086856812040787,100.0,55.11355411703065
HZC,2025-01-30,86400,0.1389087883803191,0.9899999999979628,0.3199999999997089,0.5100000000020373,72.46611650597808,0.0025758862254051,0.0241791048611048,0.0055029478040523,0.0091504780891409,100.0,53.926600855417576
HZC,2025-01-31,86400,0.1363419045823408,1.0199999999967986,0.3099999999976717,0.5,72.35616152964734,0.0023239977714949,0.0238547713743173,0.0049740318449039,0.008023051287746,100.0,58.66696870193988
HZC,2025-02-02,86400,0.1377358269598969,1.0599999999976717,0.3199999999997089,0.5,72.39435641616222,0.0026185939245898,0.0295019657933153,0.0055707503968733,0.008958106428181,100.0,52.59915468904635
HZC,2025-02-03,86400,0.1419254390625244,1.0199999999967986,0.3199999999997089,0.5100000000020373,71.4499010405213,0.002502740485353,0.0247951235141954,0.005337737283844,0.0086981922728591,100.0,56.70801261114209
HZC,2025-02-04,86400,0.141015789557494,1.0999999999985448,0.3299999999944702,0.5100000000020373,72.14782578502066,0.0027004469219009,0.0274203905064496,0.0057072478826739,0.0093099862519011,100.0,52.21942648145397
HZC,2025-02-05,86400,0.1371104996091918,0.9899999999979628,0.3099999999976717,0.5,72.64783157212467,0.0025851684479603,0.027142588623974,0.0055159152434498,0.0089578031026758,100.0,53.03735610123741
HZC,2025-02-06,86400,0.142212332418684,1.0299999999988358,0.3200000000069849,0.5100000000020373,71.57837474970775,0.0026138299870884,0.0277124926506076,0.0055630314585869,0.0091327109441044,100.0,54.40764436354381
HZC,2025-02-07,86400,0.130212499525848,0.9900000000052388,0.2900000000008731,0.4799999999959254,74.06104237317561,0.0023947777722599,0.0232546751140034,0.005060787990078,0.0083158299438946,100.0,54.37352099213556
HZC,2025-02-08,86400,0.1315280886644204,1.0500000000029104,0.3000000000029104,0.4799999999959254,73.37584925751456,0.0025366680785384,0.0267987086263019,0.0054019999341107,0.0086744477548927,100.0,51.85072880656613
HZC,2025-02-09,86400,0.1294988054150831,1.1300000000046566,0.2900000000008731,0.4700000000011641,73.56566626928553,0.0022697769598815,0.0248425055979168,0.004826621284883,0.0078248088248074,100.0,57.053537703010704
HZC,2025-02-10,86400,0.1335643942757206,1.0299999999988358,0.3000000000029104,0.4799999999959254,72.64088704730379,0.0024388653351925,0.0227845256522414,0.0052458874233707,0.0084396715217735,100.0,54.76497299528404
HZC,2025-02-11,86400,0.1325802091262723,0.9199999999982538,0.3000000000029104,0.4800000000032014,72.99274297156218,0.0024560619678424,0.0229374899718095,0.0052492734226689,0.0084467186698748,100.0,53.98080781681598
HZC,2025-02-12,86400,0.1365609603623378,0.9700000000011642,0.3100000000049476,0.5,72.86774152478617,0.0023362575490527,0.0270711069388198,0.0050010694511001,0.0082283216626092,100.0,58.45287064315874
HZC,2025-02-13,86400,0.1331827074619513,1.1600000000034925,0.3099999999976717,0.4800000000032014,73.21496776583062,0.0022312256881988,0.022972028782533,0.0048211298970272,0.0076650965650333,100.0,59.69037919681367
HZC,2025-02-15,86400,0.1329701892708698,0.9000000000014552,0.3000000000029104,0.4799999999959254,72.49852428847556,0.00258490717629,0.0245892658640514,0.0055002433029585,0.0088708732447412,100.0,51.44099193932092
HZC,2025-02-16,86400,0.1317806327159224,0.9700000000011642,0.3000000000029104,0.4699999999938882,73.04945659093278,0.0024158255858015,0.0218657813456957,0.0051781218258838,0.0082892891735537,100.0,54.54890180643991
HZC,2025-02-19,86400,0.1340586534455726,1.1299999999973809,0.3099999999976717,0.4800000000032014,73.04019722450491,0.0026299570491013,0.0255899050462176,0.0055570358133991,0.009115459168679,100.0,50.97370447186774
HZC,2025-02-22,86400,0.1300005102657451,0.9500000000043656,0.3000000000029104,0.4700000000011641,73.75895554346694,0.0026682090822868,0.0343024159956257,0.0057945258558902,0.0093403507958283,100.0,48.722010235270666
HZC,2025-02-23,86400,0.1315421400687343,0.9599999999991268,0.3000000000029104,0.4700000000011641,73.28788527644996,0.0026968905409644,0.0380669826190569,0.0057023512621526,0.0094152882667549,100.0,48.77548347695177
HZC,2025-02-27,86400,0.1401578661389091,1.0500000000029104,0.3199999999997089,0.5,71.4186506788273,0.0028591711143304,0.0293177201601793,0.0060982471361057,0.0099051760790462,100.0,49.020454000603344
HZC,2025-02-28,86400,0.1290397264833439,1.0199999999967986,0.2900000000008731,0.4699999999938882,73.6420560423153,0.0028496886993563,0.0376148805953562,0.0061103694613848,0.00979837140374,100.0,45.28204307621637
HZC,2025-03-01,86400,0.1241683096027701,1.0,0.2800000000061118,0.4499999999970896,74.63280825009548,0.0025605416434565,0.0226939463536837,0.0053933962553855,0.0089321154406934,100.0,48.4929857991534
HZC,2025-03-02,86400,0.1282698234232728,1.069999999999709,0.2900000000008731,0.4599999999991269,74.18604381995162,0.0026857356237853,0.0225894418617826,0.0056897988913988,0.0091754716227296,100.0,47.7596611667705
HZC,2025-03-03,86400,0.1355876622205937,1.7200000000011642,0.3099999999976717,0.4899999999979627,72.58996053195061,0.0026982775222849,0.02625781007373,0.0057246888718509,0.0093081135618558,100.0,50.24970969462173
HZC,2025-03-04,86400,0.1301241515869726,1.25,0.2999999999956344,0.4700000000011641,73.73927938980775,0.0027822387983108,0.0289858096075477,0.0059141467078006,0.0095703440639772,100.0,46.76958412743095
HZC,2025-03-11,86400,0.1367853447551667,0.9100000000034923,0.3100000000049476,0.4900000000052387,72.10963089850577,0.0026889932095374,0.0282462217874126,0.0057714869755727,0.0094130676332861,100.0,50.86860919512193
HZC,2025-03-12,86400,0.1332687387104261,1.930000000000291,0.3000000000029104,0.4799999999959254,73.19181934976099,0.0028168407960712,0.0436857526146923,0.0059207132035226,0.0095836074129329,100.0,47.31142024390933
HZC,2025-03-13,86400,0.1280003123611659,0.9500000000043656,0.2900000000008731,0.4599999999991269,73.88279956943946,0.0021416260883003,0.0213798570475773,0.0046201268414733,0.0075068026270309,100.0,59.7678152132444
HZC,2025-03-14,86400,0.1378157319885091,0.8700000000026193,0.3199999999997089,0.4902000000051746,71.89319320825473,0.0028313708226477,0.0257023285739705,0.0059605244445265,0.0097336191977956,100.0,48.67456104211581
HZC,2025-03-16,86400,0.1332351787649617,0.9800000000032014,0.3099999999976717,0.4799999999959254,72.65477609694557,0.0028929401990448,0.0328525101140257,0.0061359367326076,0.0099769174597168,100.0,46.05528270611911
HZC,2025-03-17,86400,0.1397357818024718,1.069999999999709,0.3199999999997089,0.5,72.01587981342377,0.0028700546764594,0.0321872750573675,0.0060765740650822,0.0096944485901622,100.0,48.68749815113715
HZC,2025-03-18,86400,0.1467804560855091,1.1300000000046566,0.3399999999965075,0.5299999999988358,70.6790587854026,0.0032548121477014,0.0436261641953024,0.0068735076056327,0.0109959386030095,100.0,45.096444703904
HZC,2025-03-20,86400,0.1368158481167193,0.9799999999959256,0.3100000000049476,0.4800000000032014,71.90129515387909,0.0034829194179221,0.0360421899240464,0.00751426628849,0.0117837637770572,100.0,39.28194473102718
HZC,2025-03-21,86400,0.1353616285577938,1.0500000000029104,0.3099999999976717,0.4899999999979627,72.45685713955022,0.0032008807210233,0.0327233274365426,0.0067405177891487,0.0107569913697079,100.0,42.28886994334182
HZC,2025-03-22,86400,0.1393519131315128,1.25,0.3199999999997089,0.4900000000052387,71.44064167409346,0.0027326612206527,0.028492512217781,0.0056942994488053,0.0093614039638487,100.0,50.99494662101992
HZC,2025-03-23,86400,0.13081201660199,1.0600000000049477,0.2999999999956344,0.4699999999938882,73.1165869975347,0.0029059368345788,0.035003125842195,0.0061435379604517,0.0099509485797898,100.0,45.0154370185864
HZC,2025-03-24,86400,0.1341778201463203,1.0599999999976717,0.3099999999976717,0.4799999999959254,72.40014352017963,0.003169800026643,0.0356596866331528,0.0066534725592646,0.0105846267874585,100.0,42.33005835579159
HZC,2025-03-26,86400,0.135004171365701,0.8899999999994179,0.3099999999976717,0.4899999999979627,72.66403546337342,0.002810267020465,0.0310345047619193,0.0060266834181675,0.0096399756192113,100.0,48.03962411206066
HZC,2025-03-27,86400,0.1334213185750911,3.2000000000043656,0.3000000000029104,0.4799999999959254,72.72653618676142,0.0026919029199564,0.0630039167881477,0.0056751338735921,0.0092326271065394,100.0,49.56394138005758
HZC,2025-03-28,86400,0.1353222333775992,1.0600000000049477,0.3099999999976717,0.4800000000032014,72.2080116668017,0.0028642105980621,0.0359026806618203,0.0061426924978149,0.009830769499822,100.0,47.24590902006526
HZC,2025-03-29,86400,0.1328121645293752,1.25,0.3000000000029104,0.4800000000032014,72.94181645620898,0.0034308739984234,0.0371665287166251,0.0071850367799925,0.011704051883571,100.0,38.71088374323715
HZC,2025-03-30,86400,0.1342214809926556,1.2699999999967986,0.3099999999976717,0.4802000000031374,72.76704591488328,0.0037390542952199,0.0363520794853684,0.0083977078415045,0.0128318362247955,100.0,35.897173552239934
HZC,2025-03-31,86400,0.1376716372305936,1.4499999999970896,0.3199999999997089,0.4899999999979627,72.07375085359784,0.0031692765839775,0.0391505040606716,0.0069198330296785,0.0108148522707051,100.0,43.43945172950816
HZC,2025-04-02,86400,0.1486226669092854,1.110000000000582,0.3399999999965075,0.5400000000008731,70.37234227248,0.0036525438096926,0.0462922809820156,0.0080077456666913,0.0123050516592047,100.0,40.69018049125129
HZC,2025-04-04,86400,0.1372258470122037,1.2000000000043656,0.3100000000049476,0.4900000000052387,72.1015289528814,0.0030005760521547,0.0292739833239465,0.0064315144576539,0.0102961962211702,100.0,45.7331674256111
HZC,2025-04-05,86400,0.1339263346432543,0.9700000000011642,0.3099999999976717,0.4899999999979627,73.13510573039039,0.0026270359669598,0.0274774583085672,0.0055844858732598,0.0091808432449761,100.0,50.98001560567141
HZC,2025-04-06,86400,0.1360571013038368,1.0799999999944705,0.3099999999976717,0.4900000000052387,72.5841734279332,0.0031749769683813,0.0333931918212329,0.0066775052218872,0.011006847366807,100.0,42.852941175931846
HZC,2025-04-08,86400,0.140000356625735,1.180000000000291,0.3199999999997089,0.5,71.27281565758862,0.0033827109077143,0.0392495010164566,0.0071218567012692,0.0116059622366447,100.0,41.3870296350403
HZC,2025-04-09,86400,0.1411797473718692,1.9800000000032012,0.3199999999997089,0.5100000000020373,71.45800298614567,0.0032934015267079,0.0787998073283233,0.007215397087566,0.0111905071980436,100.0,42.86745669609429
HZC,2025-04-10,86400,0.1335285817955857,0.9799999999959256,0.3000000000029104,0.4800000000032014,72.80987048461209,0.0029600024440729,0.0350783637550193,0.0063752714784641,0.0100466420427255,100.0,45.11097009999024
HZC,2025-04-11,86400,0.1481636553112702,7.009999999994761,0.3100000000049476,0.5100000000020373,73.01936365004225,0.0042956771555581,0.330382298103359,0.0078286237345309,0.0124000054955831,99.98958321276866,34.49133859723828
HZC,2025-04-12,86400,0.1326888601173718,0.9199999999982538,0.3000000000029104,0.4800000000032014,73.27978333082558,0.0034099412423527,0.0422602181861293,0.0073407898817094,0.011481424714002,100.0,38.91235967072178
HZC,2025-04-13,86400,0.1387928603030778,0.9700000000011642,0.3199999999997089,0.5,71.97189782289148,0.0034095821216599,0.0385477671734406,0.0076056966434407,0.0113935244949243,100.0,40.706706954105925
HZC,2025-04-14,86400,0.1377502967712404,1.0299999999988358,0.3199999999997089,0.5,72.20685424599822,0.0033193278837451,0.0426938931923359,0.0072062502738845,0.0113599233423883,100.0,41.49945457461717
HZC,2025-04-15,86400,0.140622964350541,1.0099999999947613,0.3200000000069849,0.5099999999947613,71.48693850623272,0.0032954156475433,0.0318017356839845,0.0070098354990477,0.0111045810506038,100.0,42.67229974850087
HZC,2025-04-17,86400,0.1357246865793931,0.9800000000032014,0.3099999999976717,0.4800000000032014,72.15939999305547,0.0028722718300689,0.031163581777946,0.0062485485694196,0.0100820464387652,100.0,47.25342675135412
HZC,2025-04-18,86400,0.1370719784194803,0.9499999999970896,0.3099999999976717,0.5,72.06564890797347,0.0026712486175797,0.0259427394121303,0.0056841539662855,0.0093318328197347,100.0,51.31382285650366
HZC,2025-04-19,86400,0.1362051136367665,1.0299999999988358,0.3099999999976717,0.4899999999979627,72.10037153207793,0.0026552615515038,0.0307271441706689,0.0056145602633478,0.0091956740537716,100.0,51.29630770585583
HZC,2025-04-20,86400,0.1350134904759017,1.0200000000040743,0.3099999999976717,0.4899999999979627,72.29134596465236,0.0023500329257828,0.0240989613521378,0.0050393541700032,0.008108013200981,100.0,57.451744159487774
HZC,2025-04-21,86400,0.1401867371368672,4.710000000006403,0.3099999999976717,0.4899999999979627,72.12814963136147,0.0030198229067924,0.0666501874075038,0.0062017036660108,0.0103488376813766,100.0,46.422171570102925
HZC,2025-04-22,86400,0.1347267978178974,1.0599999999976717,0.3099999999976717,0.4899999999979627,72.6964432458709,0.0025238705598879,0.0232578607829054,0.0053585346111503,0.0087262607860611,100.0,53.38102512297512
HZC,2025-04-23,86400,0.1356005069466526,1.0,0.3099999999976717,0.4899999999979627,72.60963668560979,0.0029617594316267,0.0288663897881633,0.0062644239667861,0.0101335013058269,100.0,45.783768071396416
HZC,2025-04-24,86400,0.1442049736821505,1.0299999999988358,0.3300000000017462,0.5199999999967986,71.12582321554648,0.0031737883160817,0.0328605992617667,0.0068087983228906,0.0106943154022155,100.0,45.43622928662938
HZC,2025-04-25,86400,0.1441374857905651,1.0599999999976717,0.3300000000017462,0.5199999999967986,70.60151159156935,0.0026508726711287,0.0239279768502456,0.0056386345844657,0.0091937776753911,100.0,54.3735982893581
HZC,2025-04-26,86400,0.1345777816793862,0.9599999999991268,0.3099999999976717,0.4899999999979627,72.88163057442794,0.002769910782895,0.0257794410208589,0.0058518040772469,0.0096784057212062,100.0,48.58560155144946
HZC,2025-04-27,86400,0.1389406941132388,1.0399999999935972,0.3199999999997089,0.5,71.84805379691895,0.0030232084777441,0.0284302598447538,0.0063415559779969,0.0105599911858735,100.0,45.95802608060836
HZC,2025-04-30,86400,0.1414681058014125,1.0500000000029104,0.3199999999997089,0.5099999999947613,70.78785634092986,0.0027865037295855,0.0292140588935581,0.0058362221709103,0.0094399813761992,100.0,50.76903513482195
HZC,2025-05-02,86400,0.136761412717435,1.0599999999976717,0.3099999999976717,0.4900000000052387,72.20916908760519,0.002438021138061,0.0276794125747983,0.0052005562305566,0.008472355602862,100.0,56.09525304202553
HZC,2025-05-03,86400,0.1406753092866888,1.0800000000017462,0.3199999999997089,0.5100000000020373,71.67675551800367,0.0023833469067446,0.0223203607674804,0.0051279483122925,0.0082388776243897,100.0,59.02426911901265
HZC,2025-05-04,86400,0.14219527289773,1.7399999999979627,0.3199999999997089,0.5100000000020373,71.19874072616581,0.0023364723851316,0.0247611199811217,0.0049643606645986,0.0080986445648887,100.0,60.8589571790974
HZC,2025-05-06,86400,0.1342211739071442,1.0100000000020373,0.3099999999976717,0.4899999999979627,73.17561545851225,0.0023807037067516,0.0250190855731489,0.0050009937891445,0.0084032800575369,100.0,56.37878139564908
HZC,2025-05-08,86400,0.1350516607321649,1.1999999999970896,0.3099999999976717,0.4899999999979627,72.8538524751444,0.0027084980317944,0.0250953646318521,0.0057903702785551,0.0093521198620146,100.0,49.86219635272377
HZC,2025-05-09,86400,0.1456948405119916,1.0400000000008731,0.3300000000017462,0.5299999999988358,70.66285489415387,0.0027376070481667,0.0252987923158798,0.0058192002725263,0.0094900142603728,100.0,53.21977840330917
HZC,2025-05-10,86400,0.1406256307486516,1.2399999999979627,0.3199999999997089,0.5099999999947613,71.59110637854604,0.0023981038908123,0.023115704934753,0.0051188467055908,0.0082568347017513,100.0,58.640341324984334
HZC,2025-05-11,86400,0.1376951153800591,1.0400000000008731,0.3100000000049476,0.5,72.04250049190384,0.0028036870786727,0.0265552884811768,0.0059805232347571,0.0098661158006871,100.0,49.11215533943644
HZC,2025-05-12,86400,0.130921541311167,1.0499999999956344,0.2999999999956344,0.4702000000011001,73.36080278706929,0.0030854363200868,0.0358976479474222,0.0065649837022647,0.0105399047020182,100.0,42.432099608216745
HZC,2025-05-13,86400,0.1352963655174921,1.0599999999976717,0.3099999999976717,0.4899999999979627,72.98348360513431,0.0027628150165034,0.0317237408162327,0.005877515355678,0.0095993628926226,100.0,48.9704756418148
HZC,2025-05-14,86400,0.1318340663887073,1.0800000000017462,0.2999999999956344,0.4800000000032014,73.29367238046737,0.0025871709854688,0.0273428046202752,0.0055019999963405,0.0089398813560546,100.0,50.95684323850752
HZC,2025-05-15,86400,0.1367435966594729,1.0399999999935972,0.3100000000049476,0.4899999999979627,72.31102211831156,0.0026456848022558,0.0287577887065708,0.0055965591214771,0.0091830617391679,100.0,51.68552069815415
HZC,2025-05-16,86400,0.1383267076470354,1.069999999999709,0.3199999999997089,0.5,71.8515260593294,0.0026834519663268,0.0322398294447339,0.0056770294089801,0.0092959476097894,100.0,51.548046818528206
HZC,2025-05-18,86400,0.1366629708650557,0.9800000000032014,0.3100000000049476,0.4900000000052387,72.14666836421718,0.0024687479461846,0.0303290834781364,0.0053363232211268,0.0084363694573403,100.0,55.35719878609175
HZC,2025-05-20,86400,0.1353048506865518,1.4000000000014552,0.3099999999976717,0.4900000000052387,72.6651928841769,0.0024354511747431,0.0333542286098236,0.0051827409108227,0.0083839814375096,100.0,55.55637987498013
HZC,2025-05-21,86400,0.1367564850680875,0.9700000000011642,0.3100000000049476,0.4900000000052387,72.53208949177653,0.0023270497861644,0.0296491427507135,0.0049623000988503,0.0079817217300296,100.0,58.76818185086049
HZC,2025-05-23,86400,0.1443045815797029,1.0299999999988358,0.3300000000017462,0.5100000000020373,70.49387145684557,0.0029402193566331,0.0271043801185442,0.0062197813786042,0.0100934181193588,100.0,49.07952911916963
HZC,2025-05-24,86400,0.1362827624247258,1.1600000000034925,0.3099999999976717,0.4899999999979627,72.32954085116727,0.0029610425982311,0.0317247612329083,0.0062155558793165,0.0103459491724788,100.0,46.02526233837829
HZC,2025-05-25,86400,0.13571602959365,1.0299999999988358,0.3099999999976717,0.4899999999979627,72.40361578259008,0.0027330367390501,0.0241055138103547,0.0057395797673962,0.0094836265608319,100.0,49.65759428142903
HZC,2025-05-28,86400,0.1384501306995194,0.9800000000032014,0.3100000000049476,0.4900000000052387,71.61772705702613,0.003135581881679,0.0341798097579157,0.0065916159517655,0.0105650318792322,100.0,44.15452566055404
HZC,2025-05-29,86400,0.137572039604354,1.0,0.3100000000049476,0.5,72.28671628143844,0.002843235283659,0.0280318990262458,0.0059433738555526,0.0097363037391915,100.0,48.38573872047703
HZC,2025-05-30,86400,0.1370980426967203,1.110000000000582,0.3100000000049476,0.4899999999979627,72.11194574011273,0.0024571098271949,0.0251444571622414,0.0052294151137175,0.0084546901179419,100.0,55.79646506783854
HZC,2025-05-31,86400,0.1336121405491539,1.1499999999941792,0.3000000000029104,0.4899999999979627,73.26126459796988,0.0024568529791782,0.0312822438863804,0.0052251150613301,0.0084774815826676,100.0,54.38344973310512
HZC,2025-06-01,86400,0.1338017798111286,0.9899999999979628,0.3000000000029104,0.4899999999979627,73.10617021030336,0.0029253070273066,0.035426012611424,0.0062196397608204,0.0101263783183822,100.0,45.73939710136453
HZC,2025-06-02,86400,0.1383658111964555,1.1000000000058208,0.3100000000049476,0.5,71.47189203578745,0.0024564655587186,0.0279168144988943,0.005259015190677,0.0085585952839755,100.0,56.3271936172809
HZC,2025-06-03,86400,0.137086715512142,0.9700000000011642,0.3099999999976717,0.5,72.21032650840866,0.0028346823649305,0.0267572388620465,0.0060200185100256,0.0097591953066876,100.0,48.360520797588016
HZC,2025-06-04,86400,0.1354413757076531,1.0299999999988358,0.3099999999976717,0.4800000000032014,72.08069537841874,0.0024076875427164,0.0209704595326911,0.0050849215142079,0.0080865319236181,100.0,56.25371783025771
HZC,2025-06-05,86400,0.1336420707700131,1.0,0.3099999999976717,0.4799999999959254,72.7219065035475,0.0025356564804239,0.0282635723706334,0.0053869238625338,0.0088372907169105,100.0,52.70511670214938
HZC,2025-06-06,86400,0.136146102294739,1.0,0.3099999999976717,0.4899999999979627,72.15592773064503,0.0028091185914471,0.0304597674767137,0.0058533576739137,0.0097707553606596,100.0,48.46577238169767
HZC,2025-06-07,86400,0.1350158904402512,2.2399999999979627,0.3099999999976717,0.4800000000032014,72.35037442562992,0.0025997375400769,0.0329469143689493,0.0054982460103929,0.0090005964697047,100.0,51.9344311904354
HZC,2025-06-09,86400,0.1400680268789743,1.0299999999988358,0.3199999999997089,0.5,70.99040498153913,0.0026511625493722,0.0255647230442264,0.0056009831845585,0.0089445301234082,100.0,52.83268159446117
HZC,2025-06-11,86400,0.1334987736154182,0.9700000000011642,0.3000000000029104,0.4799999999959254,72.28787370224192,0.0028275420278919,0.026898170581262,0.0059961357845168,0.0096797681089083,100.0,47.21371857653139
HZC,2025-06-12,86400,0.132847032026022,1.0400000000008731,0.3000000000029104,0.4700000000011641,72.8966770448732,0.0024477969971573,0.0237361358376801,0.0052112969628069,0.0084366382680309,100.0,54.27207898613698
HZC,2025-07-07,86400,0.124620032388395,0.9100000000034923,0.2799999999988358,0.4599999999991269,74.98697901596083,0.002413482139752,0.025743060032255,0.0051522795045457,0.0084931250193039,100.0,51.63495112897831
HZC,2025-07-09,86400,0.1256190022529534,0.9700000000011642,0.2800000000061118,0.4500000000043656,74.39090730216785,0.0027676499563302,0.0310303699734504,0.0058864060069026,0.0097490215963625,100.0,45.3883273497963
HZC,2025-07-11,86400,0.1238645083056364,1.0099999999947613,0.2799999999988358,0.4599999999991269,75.44878991654997,0.0027174193499953,0.0312360252646612,0.0057611697768152,0.0093615543958731,100.0,45.581668600492605
HZC,2025-07-12,86400,0.1265071886137693,1.0199999999967986,0.2899999999935971,0.4700000000011641,75.17216634451788,0.0025358031734841,0.0265245657137711,0.0054060982191003,0.0086091136261529,100.0,49.888410065384335
HZC,2025-07-13,86400,0.1297812529551337,0.930000000000291,0.2999999999956344,0.4700000000011641,73.38742346554938,0.0031607595572597,0.0382119547430193,0.0068496342319122,0.0109711304154188,100.0,41.06014727250888
HZC,2025-07-14,86400,0.1296284054089566,0.9799999999959256,0.2900000000008731,0.4700000000011641,73.77168717230523,0.0028987112429189,0.0350946468388428,0.0061056014252244,0.0101412545681523,100.0,44.71932334788278
HZC,2025-07-15,86400,0.1261089535486401,1.0199999999967986,0.2899999999935971,0.4500000000043656,74.37123114850867,0.0029896614556025,0.0283264915851759,0.006208004556538,0.0101163903303677,100.0,42.18168357160788
HZC,2025-07-16,86400,0.1267475900754302,0.9700000000011642,0.2900000000008731,0.4599999999991269,74.4256299262723,0.0027449478721015,0.0357559686672175,0.0057939077676564,0.0094184032404155,100.0,46.17486230520541
HZC,2025-07-19,86400,0.1281381945143541,1.069999999999709,0.2900000000008731,0.4700000000011641,74.07377400201392,0.0026091554303875,0.0306066392295178,0.0055198003276018,0.0088957848947029,100.0,49.11098548322688
HZC,2025-07-20,86400,0.1260270966629015,1.0199999999967986,0.2800000000061118,0.4599999999991269,74.62702114607808,0.0021616917021838,0.0215375339903403,0.004603684363974,0.0075825765063927,100.0,58.30021759221345
HZC,2025-07-22,86400,0.1247665437600986,1.069999999999709,0.2799999999988358,0.4500000000043656,74.6814199238417,0.0024857729052424,0.0270111573918256,0.0052020880932104,0.0084037507908942,100.0,50.19225346240536
HZC,2025-07-25,86400,0.1247568238728057,1.0799999999944705,0.2799999999988358,0.4500000000043656,74.81220847463513,0.0030767262722559,0.0324011326592881,0.0064913928283203,0.0104740211878379,100.0,40.54856129296844
HZC,2025-07-26,86400,0.1269774614330442,1.0,0.2899999999935971,0.4599999999991269,73.97886549612844,0.0025895533972984,0.0256188614512211,0.0054394165286794,0.008792651619442,100.0,49.03450205602192
HZC,2025-07-27,86400,0.1296088009677234,0.9499999999970896,0.2900000000008731,0.4700000000011641,73.93604092639961,0.0021775300356121,0.0269665362066007,0.0046658051491249,0.0074902067698712,100.0,59.521016375677256
HZC,2025-07-28,86400,0.1283788776818111,0.9800000000032014,0.2900000000008731,0.4599999999991269,73.86891051979768,0.0020757681837742,0.0182204146331059,0.0044361489162838,0.0070963074977044,100.0,61.84644249944067
HZC,2025-07-31,86400,0.127727698050311,0.9400000000023284,0.2900000000008731,0.4699999999938882,73.92330929756132,0.0029121472968105,0.0363915821581031,0.0062738012202316,0.0100765158860303,100.0,43.860315083080245
HZC,2025-08-02,86400,0.1293764979460873,1.0899999999965075,0.2900000000008731,0.4602000000061933,73.61080568062131,0.0023418637273254,0.0303526882853475,0.0050126540023484,0.0082691692799562,100.0,55.24510089175827
HZC,2025-08-03,86400,0.1294628708318946,0.9400000000023284,0.2900000000008731,0.4700000000011641,73.6362689382979,0.0025976996257451,0.0332782841360312,0.0055111551359004,0.0090721099835354,100.0,49.8375060376424
HZC,2025-08-04,86400,0.1273549565194104,0.9199999999982538,0.2900000000008731,0.4599999999991269,74.10155210129746,0.0030266259009825,0.0314739315508632,0.0066949425410712,0.0103929891707957,100.0,42.07819553648445
HZC,2025-08-05,86400,0.1325492527181369,1.1300000000046566,0.3000000000029104,0.4800000000032014,73.03209527888053,0.0030876775080537,0.0286636713135521,0.0064559700702375,0.0104094739446009,100.0,42.928463976394326
HZC,2025-08-06,86400,0.1331366620489525,1.2700000000040743,0.3000000000029104,0.4799999999959254,72.76820333568675,0.0030079032279563,0.0259348719046101,0.0064648781131836,0.0102376554234069,100.0,44.2622823657615
HZC,2025-08-07,86400,0.1314706314287735,0.9199999999982538,0.2999999999956344,0.4799999999959254,73.25432007314899,0.002887881130266,0.0322684951897827,0.0060136174899525,0.0098454993676568,100.0,45.52494560990975
HZC,2025-08-08,86400,0.1349005765209817,0.9400000000023284,0.3099999999976717,0.4899999999979627,72.65246125533861,0.0030267159581283,0.029779793745547,0.0063629493808548,0.0102533880162809,100.0,44.56994919332601
HZC,2025-08-09,86400,0.1293416151670016,0.9900000000052388,0.2900000000008731,0.4700000000011641,73.57724047732034,0.0027005102250194,0.0298600748428725,0.0057683499930135,0.009244081692741,100.0,47.89525102359996
HZC,2025-08-10,86400,0.121994898255204,0.930000000000291,0.2799999999988358,0.4399999999950523,75.05295200175928,0.0023814778234302,0.0334638583080959,0.0051408776183961,0.008501838404627,100.0,51.22655227091664
HZC,2025-08-11,86400,0.1259243140031017,0.930000000000291,0.2800000000061118,0.4500000000043656,74.31336010833459,0.0022301032163367,0.0245267310456256,0.0047465193012612,0.0077287355945736,100.0,56.46568868390004
HZC,2025-08-13,86400,0.1273022840015933,0.9499999999970896,0.2900000000008731,0.4599999999991269,73.99738422898413,0.0026324718170766,0.0268598588008899,0.0055149723790236,0.009114127629291,100.0,48.35846033656852
HZC,2025-08-13,86400,0.1273022840015933,0.9499999999970896,0.2900000000008731,0.4599999999991269,73.99738422898413,0.0026324718170766,0.0268598588008899,0.0055149723790236,0.009114127629291,100.0,48.35846033656852
HZC,2025-08-14,86400,0.1236119906265536,0.9400000000023284,0.2799999999988358,0.4499999999970896,74.70225349830439,0.0023053197209045,0.0321933420273126,0.0048656989238224,0.0081019147236656,100.0,53.62032409301974
HZC,2025-08-21,86400,0.1346648580779691,5.9799999999959255,0.2999999999956344,0.4700000000011641,72.98811328834825,0.0029579056303651,0.1604564525332534,0.0060374477841833,0.0099787736017606,99.99884257919652,45.52709750101689
HZC,2025-08-23,86400,0.1233927937431587,0.9600000000064028,0.2799999999988358,0.4499999999970896,74.71035544392875,0.0023104957066257,0.023672450624872,0.0049330843103234,0.0079310617131705,100.0,53.40533346844329
HZC,2025-08-24,86400,0.1205597200050969,0.8899999999994179,0.2700000000040745,0.4399999999950523,75.35735367307493,0.0029358289342271,0.0431846085703,0.0065035701089072,0.0100556753735873,100.0,41.06496756622798
HZC,2025-08-25,86400,0.130519207808864,1.5100000000020373,0.2999999999956344,0.4599999999991269,72.72074908274402,0.0027930632426877,0.0332637722458457,0.0060071305655583,0.0095654322575137,100.0,46.729771731390656
HZC,2025-08-27,86400,0.1255711325194152,0.9000000000014552,0.2899999999935971,0.4499999999970896,73.89784603988471,0.0026762356895544,0.0320644198873196,0.0057834386818285,0.0091017100210592,100.0,46.92080483143119
HZC,2025-08-29,86400,0.1308172497232496,1.0400000000008731,0.2999999999956344,0.4700000000011641,73.02978043727359,0.0031356408740446,0.0311160006458521,0.0067273739441588,0.0105909086050815,100.0,41.71946180583837
HZC,2025-08-30,86400,0.1271908631987857,0.8899999999994179,0.2900000000008731,0.4599999999991269,73.84344726212109,0.0020894068100376,0.0260347003786591,0.0045081040174409,0.0071745645940245,100.0,60.87414979547081
HZC,2025-08-31,86400,0.1228768696427736,0.9099999999962164,0.2799999999988358,0.4400000000023283,74.56683526429704,0.0023731734652122,0.0252260958586703,0.0050493003240262,0.00813308450568,100.0,51.77744964378599
HZC,2025-09-01,86400,0.1330712380970405,1.0900000000037835,0.3000000000029104,0.4799999999959254,72.63047026007246,0.0022852911719943,0.0245471359594375,0.0048958121995383,0.0078575517646095,100.0,58.22944562582031
HZC,2025-09-02,86400,0.1248154938354853,0.9100000000034923,0.2800000000061118,0.4499999999970896,74.53327006099609,0.0024382910360732,0.0289671405189437,0.0051744123469688,0.0085063786924002,100.0,51.18974393856865
HZC,2025-09-03,86400,0.1259995047382669,0.9599999999991268,0.2800000000061118,0.4499999999970896,74.00780101621547,0.0025886699525569,0.0292619182000635,0.0054228956876613,0.0090749664735631,100.0,48.67345277644852
HZC,2025-09-04,86400,0.1259057009227358,0.8499999999985448,0.2899999999943247,0.4499999999970896,73.99506938737717,0.0026370014228791,0.0298842301053809,0.0055865425325464,0.0090936008404241,100.0,47.74578420117823
HZC,2025-09-05,86400,0.1260057471469753,0.8700000000026193,0.2900000000008731,0.4599999999991269,74.29252653387192,0.0028565879109953,0.0353913086437387,0.0060187094830325,0.0096567859208153,100.0,44.11057913458696
HZC,2025-09-06,86400,0.1227416002164175,0.8399999999965075,0.2799999999988358,0.4400000000023283,75.14901792844825,0.003066775100115,0.0523066744790412,0.0065467972635815,0.0104538433026755,100.0,40.02301967685592
HZC,2025-09-07,86400,0.1273210992516866,0.9599999999991268,0.2900000000008731,0.4500000000043656,73.79599300917835,0.0023753263980926,0.0263249391355202,0.0050227072759298,0.0082066892724833,100.0,53.60151737475846
HZC,2025-09-08,86400,0.1333865046666788,1.0400000000008731,0.3000000000029104,0.4800000000032014,72.8723712080001,0.002985414085262,0.0318679170086397,0.0064520358202571,0.0102516660031688,100.0,44.679398171423536
HZC,2025-09-09,86400,0.1442399538552372,12.889999999999418,0.2900000000008731,0.4700000000011641,73.25894975636292,0.0039069087908702,0.3830738102624309,0.0063472971669398,0.0104591029064613,99.98842579196518,36.91920173703099
HZC,2025-09-10,86400,0.1352308617144459,1.0200000000040743,0.3099999999976717,0.4899999999979627,71.96148103566014,0.0028322987664453,0.0292493509259657,0.0060560530575457,0.0095329686498735,100.0,47.74597343641816
HZC,2025-09-11,86400,0.1333389487689415,1.819999999999709,0.3000000000029104,0.4799999999959254,72.48116297642333,0.0027119691681857,0.0358350867390981,0.0057371403076103,0.0092393130036362,100.0,49.16683798768167
HZC,2025-09-12,86400,0.1329896388911982,0.9199999999982538,0.3000000000029104,0.4799999999959254,72.5783863239158,0.0028259821871008,0.0293161755253095,0.0060206624031707,0.0096535316309018,100.0,47.05961681257811
HZC,2025-09-13,86400,0.1399784966543202,10.319999999999707,0.2999999999956344,0.4599999999991269,73.4360351392956,0.0038149568195061,0.4923530126761761,0.005657983070705,0.0092002852619043,99.98958321276866,36.69202647377523
HZC,2025-09-20,86400,0.1316682673746269,1.1200000000026191,0.3000000000029104,0.4700000000011641,72.95107582263684,0.0028022845567392,0.0297980416580685,0.0060061796459194,0.0097227485929033,100.0,46.98604465809494
HZC,2025-09-24,86400,0.123714156834053,1.0200000000040743,0.2799999999988358,0.4400000000023283,74.08997789326264,0.003041186815609,0.0320576031590462,0.0065539442686713,0.0102081800840096,100.0,40.67956501665897
HZC,2025-09-25,86400,0.1253184476071326,0.9099999999962164,0.2800000000061118,0.4499999999970896,73.52862880357411,0.0028817735188995,0.027560084577999,0.0062714318293728,0.0097289810571237,100.0,43.48657059334062
HZC,2025-09-26,86400,0.1274579332843025,0.9400000000023284,0.2899999999935971,0.4599999999991269,73.42098866885033,0.0024612647784432,0.0271356317534809,0.0052306309815321,0.0085210702870972,100.0,51.78554308697025
HZC,2025-09-27,86400,0.1247704312049297,0.9400000000023284,0.2799999999988358,0.4400000000023283,73.71497355293464,0.002616611371052,0.0245044382172636,0.0055191501189256,0.0091905842207779,100.0,47.683974982910655
HZC,2025-09-28,86400,0.134360734889373,0.9500000000043656,0.3000000000029104,0.4799999999959254,71.7253671917499,0.002791312006764,0.0321364816845743,0.0059543572409893,0.0095247532890061,100.0,48.13533367665404
HZC,2025-09-29,86400,0.1330210456049494,1.0199999999967986,0.3000000000029104,0.4799999999959254,72.05638954154561,0.0024113575177735,0.0213252079702215,0.0051003003070945,0.0081925582578696,100.0,55.164381295316346
HZC,2025-09-30,86400,0.1333056507648532,1.7099999999991269,0.3000000000029104,0.4700000000011641,71.84226669290153,0.0029007450970484,0.0272778739090426,0.0061069777431839,0.0098390873803873,100.0,45.95565837706226
